nic3,nic3_label,primary_bact,primary_bact_label,bact_codes_observed,primary_bact_row_share_pct,broad_sector,broad_sector_label,ex_ante_typology,ex_ante_typology_label,macro_typology,typology_rationale,empirical_primary_type,empirical_primary_type_label,empirical_high_scale_flag,empirical_high_hired_labor_flag,empirical_high_institutional_finance_flag,empirical_micro_own_account_flag
013,Plant propagation,01,Activities relating to agriculture other than crop production,01,100,non_crop_ag_allied,Non-crop ag/allied,agricultural_allied,Ag/allied,agricultural_allied,"NIC3 013-032 are covered non-crop agricultural, forestry, fishing, and allied activities.",mixed_empirical,Mixed,0,0,0,0
014,Animal production,02,Livestock,02,100,non_crop_ag_allied,Non-crop ag/allied,agricultural_allied,Ag/allied,agricultural_allied,"NIC3 013-032 are covered non-crop agricultural, forestry, fishing, and allied activities.",micro_own_account_intensive,Micro/own-account,0,0,0,1
016,Support activities to agriculture and post-harvest crop activities,01,Activities relating to agriculture other than crop production,01,100,non_crop_ag_allied,Non-crop ag/allied,agricultural_allied,Ag/allied,agricultural_allied,"NIC3 013-032 are covered non-crop agricultural, forestry, fishing, and allied activities.",institutional_finance_intensive,Institutional finance,0,0,1,0
017,"Hunting, trapping and related service activities",02,Livestock,02,100,non_crop_ag_allied,Non-crop ag/allied,agricultural_allied,Ag/allied,agricultural_allied,"NIC3 013-032 are covered non-crop agricultural, forestry, fishing, and allied activities.",micro_own_account_intensive,Micro/own-account,0,0,0,1
021,Silviculture and other forestry activities,03,Forestry and logging,03,100,non_crop_ag_allied,Non-crop ag/allied,agricultural_allied,Ag/allied,agricultural_allied,"NIC3 013-032 are covered non-crop agricultural, forestry, fishing, and allied activities.",micro_own_account_intensive,Micro/own-account,0,0,0,1
022,Logging,03,Forestry and logging,03,100,non_crop_ag_allied,Non-crop ag/allied,agricultural_allied,Ag/allied,agricultural_allied,"NIC3 013-032 are covered non-crop agricultural, forestry, fishing, and allied activities.",micro_own_account_intensive,Micro/own-account,0,0,0,1
023,Gathering of non-wood forest products,03,Forestry and logging,03,100,non_crop_ag_allied,Non-crop ag/allied,agricultural_allied,Ag/allied,agricultural_allied,"NIC3 013-032 are covered non-crop agricultural, forestry, fishing, and allied activities.",micro_own_account_intensive,Micro/own-account,0,0,0,1
024,Support services to forestry,03,Forestry and logging,03,100,non_crop_ag_allied,Non-crop ag/allied,agricultural_allied,Ag/allied,agricultural_allied,"NIC3 013-032 are covered non-crop agricultural, forestry, fishing, and allied activities.",institutional_finance_intensive,Institutional finance,0,0,1,1
031,Fishing,04,Fishing and aquaculture,04,100,non_crop_ag_allied,Non-crop ag/allied,agricultural_allied,Ag/allied,agricultural_allied,"NIC3 013-032 are covered non-crop agricultural, forestry, fishing, and allied activities.",micro_own_account_intensive,Micro/own-account,0,0,0,1
032,Aquaculture,04,Fishing and aquaculture,04,100,non_crop_ag_allied,Non-crop ag/allied,agricultural_allied,Ag/allied,agricultural_allied,"NIC3 013-032 are covered non-crop agricultural, forestry, fishing, and allied activities.",micro_own_account_intensive,Micro/own-account,0,0,0,1
051,Mining of hard coal,05,Mining and quarrying,05,100,mining_quarrying,Mining/quarrying,extractive_capital_intensive,Extractive capital,capital_intensive,"Mining/quarrying and extraction activities generally require land, permits, equipment, and fixed capital.",high_scale,High scale,1,1,0,0
052,Mining of lignite,05,Mining and quarrying,05,100,mining_quarrying,Mining/quarrying,extractive_capital_intensive,Extractive capital,capital_intensive,"Mining/quarrying and extraction activities generally require land, permits, equipment, and fixed capital.",high_scale,High scale,1,0,0,0
061,Extraction of crude petroleum,05,Mining and quarrying,05,100,mining_quarrying,Mining/quarrying,extractive_capital_intensive,Extractive capital,capital_intensive,"Mining/quarrying and extraction activities generally require land, permits, equipment, and fixed capital.",institutional_finance_intensive,Institutional finance,0,0,1,0
062,Extraction of natural gas,05,Mining and quarrying,05,100,mining_quarrying,Mining/quarrying,extractive_capital_intensive,Extractive capital,capital_intensive,"Mining/quarrying and extraction activities generally require land, permits, equipment, and fixed capital.",mixed_empirical,Mixed,0,0,0,0
071,Mining of iron ores,05,Mining and quarrying,05,100,mining_quarrying,Mining/quarrying,extractive_capital_intensive,Extractive capital,capital_intensive,"Mining/quarrying and extraction activities generally require land, permits, equipment, and fixed capital.",mixed_empirical,Mixed,0,0,0,0
072,Mining of non-ferrous metal ores,05,Mining and quarrying,05,100,mining_quarrying,Mining/quarrying,extractive_capital_intensive,Extractive capital,capital_intensive,"Mining/quarrying and extraction activities generally require land, permits, equipment, and fixed capital.",mixed_empirical,Mixed,0,0,0,0
081,"Quarrying of stone, sand and clay",05,Mining and quarrying,05,100,mining_quarrying,Mining/quarrying,extractive_capital_intensive,Extractive capital,capital_intensive,"Mining/quarrying and extraction activities generally require land, permits, equipment, and fixed capital.",high_scale,High scale,1,0,1,0
089,Mining and quarrying n.e.c.,05,Mining and quarrying,05,100,mining_quarrying,Mining/quarrying,extractive_capital_intensive,Extractive capital,capital_intensive,"Mining/quarrying and extraction activities generally require land, permits, equipment, and fixed capital.",high_scale,High scale,1,1,1,0
091,Support activities for petroleum and natural gas mining,05,Mining and quarrying,05,100,mining_quarrying,Mining/quarrying,extractive_capital_intensive,Extractive capital,capital_intensive,"Mining/quarrying and extraction activities generally require land, permits, equipment, and fixed capital.",high_scale,High scale,1,1,1,0
099,Support activities for other mining and quarrying,05,Mining and quarrying,05,100,mining_quarrying,Mining/quarrying,extractive_capital_intensive,Extractive capital,capital_intensive,"Mining/quarrying and extraction activities generally require land, permits, equipment, and fixed capital.",hired_labor_intensive,Hired labour,0,1,1,0
101,Processing and preserving of meat,06,Manufacturing,06,100,manufacturing,Manufacturing,manufacturing_labor_intensive,Mfg labour,labour_intensive,"Food, textiles, apparel, leather, wood, printing, furniture, and miscellaneous manufacturing are treated as relatively labour-intensive manufacturing.",micro_own_account_intensive,Micro/own-account,0,0,0,1
102,"Processing and preserving of fish, crustaceans and molluscs",06,Manufacturing,06,100,manufacturing,Manufacturing,manufacturing_labor_intensive,Mfg labour,labour_intensive,"Food, textiles, apparel, leather, wood, printing, furniture, and miscellaneous manufacturing are treated as relatively labour-intensive manufacturing.",mixed_empirical,Mixed,0,0,0,0
103,Processing and preserving of fruit and vegetables,06,Manufacturing,06,100,manufacturing,Manufacturing,manufacturing_labor_intensive,Mfg labour,labour_intensive,"Food, textiles, apparel, leather, wood, printing, furniture, and miscellaneous manufacturing are treated as relatively labour-intensive manufacturing.",mixed_empirical,Mixed,0,0,0,0
104,Manufacture of vegetable and animal oils and fats,06,Manufacturing,06,100,manufacturing,Manufacturing,manufacturing_labor_intensive,Mfg labour,labour_intensive,"Food, textiles, apparel, leather, wood, printing, furniture, and miscellaneous manufacturing are treated as relatively labour-intensive manufacturing.",mixed_empirical,Mixed,0,0,0,0
105,Manufacture of dairy products,06,Manufacturing,06,100,manufacturing,Manufacturing,manufacturing_labor_intensive,Mfg labour,labour_intensive,"Food, textiles, apparel, leather, wood, printing, furniture, and miscellaneous manufacturing are treated as relatively labour-intensive manufacturing.",micro_own_account_intensive,Micro/own-account,0,0,0,1
106,"Manufacture of grain mill products, starches and starch products",06,Manufacturing,06,100,manufacturing,Manufacturing,manufacturing_labor_intensive,Mfg labour,labour_intensive,"Food, textiles, apparel, leather, wood, printing, furniture, and miscellaneous manufacturing are treated as relatively labour-intensive manufacturing.",micro_own_account_intensive,Micro/own-account,0,0,0,1
107,Manufacture of other food products,06,Manufacturing,06,100,manufacturing,Manufacturing,manufacturing_labor_intensive,Mfg labour,labour_intensive,"Food, textiles, apparel, leather, wood, printing, furniture, and miscellaneous manufacturing are treated as relatively labour-intensive manufacturing.",high_scale,High scale,1,0,0,0
108,Manufacture of prepared animal feeds,06,Manufacturing,06,100,manufacturing,Manufacturing,manufacturing_labor_intensive,Mfg labour,labour_intensive,"Food, textiles, apparel, leather, wood, printing, furniture, and miscellaneous manufacturing are treated as relatively labour-intensive manufacturing.",mixed_empirical,Mixed,0,0,0,0
110,Manufacture of beverages,06,Manufacturing,06,100,manufacturing,Manufacturing,manufacturing_capital_intensive,Mfg capital,capital_intensive,"Chemicals, metals, machinery, vehicles, equipment, repair/installation, and related manufacturing are treated as relatively capital-intensive manufacturing.",micro_own_account_intensive,Micro/own-account,0,0,0,1
120,Manufacture of tobacco products,06,Manufacturing,06,100,manufacturing,Manufacturing,manufacturing_labor_intensive,Mfg labour,labour_intensive,"Food, textiles, apparel, leather, wood, printing, furniture, and miscellaneous manufacturing are treated as relatively labour-intensive manufacturing.",micro_own_account_intensive,Micro/own-account,0,0,0,1
131,"Spinning, weaving and finishing of textiles",06,Manufacturing,06,100,manufacturing,Manufacturing,manufacturing_labor_intensive,Mfg labour,labour_intensive,"Food, textiles, apparel, leather, wood, printing, furniture, and miscellaneous manufacturing are treated as relatively labour-intensive manufacturing.",mixed_empirical,Mixed,0,0,0,0
139,Manufacture of other textiles,06,Manufacturing,06,100,manufacturing,Manufacturing,manufacturing_labor_intensive,Mfg labour,labour_intensive,"Food, textiles, apparel, leather, wood, printing, furniture, and miscellaneous manufacturing are treated as relatively labour-intensive manufacturing.",mixed_empirical,Mixed,0,0,0,0
141,"Manufacture of wearing apparel, except fur apparel",06,Manufacturing,06,100,manufacturing,Manufacturing,manufacturing_labor_intensive,Mfg labour,labour_intensive,"Food, textiles, apparel, leather, wood, printing, furniture, and miscellaneous manufacturing are treated as relatively labour-intensive manufacturing.",micro_own_account_intensive,Micro/own-account,0,0,0,1
142,Manufacture of articles of fur,06,Manufacturing,06,100,manufacturing,Manufacturing,manufacturing_labor_intensive,Mfg labour,labour_intensive,"Food, textiles, apparel, leather, wood, printing, furniture, and miscellaneous manufacturing are treated as relatively labour-intensive manufacturing.",mixed_empirical,Mixed,0,0,0,0
143,Manufacture of knitted and crocheted apparel,06,Manufacturing,06,100,manufacturing,Manufacturing,manufacturing_labor_intensive,Mfg labour,labour_intensive,"Food, textiles, apparel, leather, wood, printing, furniture, and miscellaneous manufacturing are treated as relatively labour-intensive manufacturing.",mixed_empirical,Mixed,0,0,0,0
151,"Tanning and dressing of leather; manufacture of luggage, handbags, saddlery and harness; dressing and dyeing of fur",06,Manufacturing,06,100,manufacturing,Manufacturing,manufacturing_labor_intensive,Mfg labour,labour_intensive,"Food, textiles, apparel, leather, wood, printing, furniture, and miscellaneous manufacturing are treated as relatively labour-intensive manufacturing.",high_scale,High scale,1,0,0,0
152,Manufacture of footwear,06,Manufacturing,06,100,manufacturing,Manufacturing,manufacturing_labor_intensive,Mfg labour,labour_intensive,"Food, textiles, apparel, leather, wood, printing, furniture, and miscellaneous manufacturing are treated as relatively labour-intensive manufacturing.",mixed_empirical,Mixed,0,0,0,0
161,Sawmilling and planing of wood,06,Manufacturing,06,100,manufacturing,Manufacturing,manufacturing_labor_intensive,Mfg labour,labour_intensive,"Food, textiles, apparel, leather, wood, printing, furniture, and miscellaneous manufacturing are treated as relatively labour-intensive manufacturing.",hired_labor_intensive,Hired labour,0,1,0,0
162,"Manufacture of products of wood, cork, straw and plaiting materials",06,Manufacturing,06,100,manufacturing,Manufacturing,manufacturing_labor_intensive,Mfg labour,labour_intensive,"Food, textiles, apparel, leather, wood, printing, furniture, and miscellaneous manufacturing are treated as relatively labour-intensive manufacturing.",micro_own_account_intensive,Micro/own-account,0,0,0,1
170,Manufacture of paper and paper products,06,Manufacturing,06,100,manufacturing,Manufacturing,manufacturing_labor_intensive,Mfg labour,labour_intensive,"Food, textiles, apparel, leather, wood, printing, furniture, and miscellaneous manufacturing are treated as relatively labour-intensive manufacturing.",high_scale,High scale,1,0,0,0
181,Printing and service activities related to printing,06,Manufacturing,06,100,manufacturing,Manufacturing,manufacturing_labor_intensive,Mfg labour,labour_intensive,"Food, textiles, apparel, leather, wood, printing, furniture, and miscellaneous manufacturing are treated as relatively labour-intensive manufacturing.",hired_labor_intensive,Hired labour,0,1,0,0
182,Reproduction of recorded media,06,Manufacturing,06,100,manufacturing,Manufacturing,manufacturing_labor_intensive,Mfg labour,labour_intensive,"Food, textiles, apparel, leather, wood, printing, furniture, and miscellaneous manufacturing are treated as relatively labour-intensive manufacturing.",mixed_empirical,Mixed,0,0,0,0
191,Manufacture of coke oven products,06,Manufacturing,06,100,manufacturing,Manufacturing,manufacturing_capital_intensive,Mfg capital,capital_intensive,"Chemicals, metals, machinery, vehicles, equipment, repair/installation, and related manufacturing are treated as relatively capital-intensive manufacturing.",mixed_empirical,Mixed,0,0,0,0
192,Manufacture of refined petroleum products,06,Manufacturing,06,100,manufacturing,Manufacturing,manufacturing_capital_intensive,Mfg capital,capital_intensive,"Chemicals, metals, machinery, vehicles, equipment, repair/installation, and related manufacturing are treated as relatively capital-intensive manufacturing.",institutional_finance_intensive,Institutional finance,0,0,1,0
201,"Manufacture of basic chemicals, fertilizer and nitrogen compounds, plastics and synthetic rubber in primary forms",06,Manufacturing,06,100,manufacturing,Manufacturing,manufacturing_capital_intensive,Mfg capital,capital_intensive,"Chemicals, metals, machinery, vehicles, equipment, repair/installation, and related manufacturing are treated as relatively capital-intensive manufacturing.",high_scale,High scale,1,1,1,0
202,Manufacture of other chemical products,06,Manufacturing,06,100,manufacturing,Manufacturing,manufacturing_capital_intensive,Mfg capital,capital_intensive,"Chemicals, metals, machinery, vehicles, equipment, repair/installation, and related manufacturing are treated as relatively capital-intensive manufacturing.",high_scale,High scale,1,0,0,0
203,Manufacture of man-made fibres,06,Manufacturing,06,100,manufacturing,Manufacturing,manufacturing_capital_intensive,Mfg capital,capital_intensive,"Chemicals, metals, machinery, vehicles, equipment, repair/installation, and related manufacturing are treated as relatively capital-intensive manufacturing.",high_scale,High scale,1,0,0,0
210,"Manufacture of pharmaceuticals, medicinal chemical and botanical products",06,Manufacturing,06,100,manufacturing,Manufacturing,manufacturing_capital_intensive,Mfg capital,capital_intensive,"Chemicals, metals, machinery, vehicles, equipment, repair/installation, and related manufacturing are treated as relatively capital-intensive manufacturing.",high_scale,High scale,1,0,0,0
221,Manufacture of rubber products,06,Manufacturing,06,100,manufacturing,Manufacturing,manufacturing_capital_intensive,Mfg capital,capital_intensive,"Chemicals, metals, machinery, vehicles, equipment, repair/installation, and related manufacturing are treated as relatively capital-intensive manufacturing.",high_scale,High scale,1,1,0,0
222,Manufacture of plastics products,06,Manufacturing,06,100,manufacturing,Manufacturing,manufacturing_capital_intensive,Mfg capital,capital_intensive,"Chemicals, metals, machinery, vehicles, equipment, repair/installation, and related manufacturing are treated as relatively capital-intensive manufacturing.",high_scale,High scale,1,1,1,0
231,Manufacture of glass and glass products,06,Manufacturing,06,100,manufacturing,Manufacturing,manufacturing_capital_intensive,Mfg capital,capital_intensive,"Chemicals, metals, machinery, vehicles, equipment, repair/installation, and related manufacturing are treated as relatively capital-intensive manufacturing.",high_scale,High scale,1,0,0,0
239,Manufacture of non-metallic mineral products n.e.c.,06,Manufacturing,06,100,manufacturing,Manufacturing,manufacturing_capital_intensive,Mfg capital,capital_intensive,"Chemicals, metals, machinery, vehicles, equipment, repair/installation, and related manufacturing are treated as relatively capital-intensive manufacturing.",high_scale,High scale,1,0,0,0
241,Manufacture of basic iron and steel,06,Manufacturing,06,100,manufacturing,Manufacturing,manufacturing_capital_intensive,Mfg capital,capital_intensive,"Chemicals, metals, machinery, vehicles, equipment, repair/installation, and related manufacturing are treated as relatively capital-intensive manufacturing.",high_scale,High scale,1,1,0,0
242,Manufacture of basic precious and other non-ferrous metals,06,Manufacturing,06,100,manufacturing,Manufacturing,manufacturing_capital_intensive,Mfg capital,capital_intensive,"Chemicals, metals, machinery, vehicles, equipment, repair/installation, and related manufacturing are treated as relatively capital-intensive manufacturing.",mixed_empirical,Mixed,0,0,0,0
243,Casting of metals,06,Manufacturing,06,100,manufacturing,Manufacturing,manufacturing_capital_intensive,Mfg capital,capital_intensive,"Chemicals, metals, machinery, vehicles, equipment, repair/installation, and related manufacturing are treated as relatively capital-intensive manufacturing.",high_scale,High scale,1,1,0,0
251,"Manufacture of structural metal products, tanks, reservoirs and steam generators",06,Manufacturing,06,100,manufacturing,Manufacturing,manufacturing_capital_intensive,Mfg capital,capital_intensive,"Chemicals, metals, machinery, vehicles, equipment, repair/installation, and related manufacturing are treated as relatively capital-intensive manufacturing.",hired_labor_intensive,Hired labour,0,1,0,0
252,Manufacture of weapons and ammunition,06,Manufacturing,06,100,manufacturing,Manufacturing,manufacturing_capital_intensive,Mfg capital,capital_intensive,"Chemicals, metals, machinery, vehicles, equipment, repair/installation, and related manufacturing are treated as relatively capital-intensive manufacturing.",mixed_empirical,Mixed,0,0,0,0
259,Manufacture of other fabricated metal products; metalworking service activities,06,Manufacturing,06,100,manufacturing,Manufacturing,manufacturing_capital_intensive,Mfg capital,capital_intensive,"Chemicals, metals, machinery, vehicles, equipment, repair/installation, and related manufacturing are treated as relatively capital-intensive manufacturing.",mixed_empirical,Mixed,0,0,0,0
261,Manufacture of electronic components,06,Manufacturing,06,100,manufacturing,Manufacturing,manufacturing_capital_intensive,Mfg capital,capital_intensive,"Chemicals, metals, machinery, vehicles, equipment, repair/installation, and related manufacturing are treated as relatively capital-intensive manufacturing.",high_scale,High scale,1,0,0,0
262,Manufacture of computers and peripheral equipment,06,Manufacturing,06,100,manufacturing,Manufacturing,manufacturing_capital_intensive,Mfg capital,capital_intensive,"Chemicals, metals, machinery, vehicles, equipment, repair/installation, and related manufacturing are treated as relatively capital-intensive manufacturing.",high_scale,High scale,1,0,0,0
263,Manufacture of communication equipment,06,Manufacturing,06,100,manufacturing,Manufacturing,manufacturing_capital_intensive,Mfg capital,capital_intensive,"Chemicals, metals, machinery, vehicles, equipment, repair/installation, and related manufacturing are treated as relatively capital-intensive manufacturing.",mixed_empirical,Mixed,0,0,0,0
264,Manufacture of consumer electronics,06,Manufacturing,06,100,manufacturing,Manufacturing,manufacturing_capital_intensive,Mfg capital,capital_intensive,"Chemicals, metals, machinery, vehicles, equipment, repair/installation, and related manufacturing are treated as relatively capital-intensive manufacturing.",high_scale,High scale,1,0,0,0
265,"Manufacture of measuring, testing, navigating and control equipment, watches and clocks",06,Manufacturing,06,100,manufacturing,Manufacturing,manufacturing_capital_intensive,Mfg capital,capital_intensive,"Chemicals, metals, machinery, vehicles, equipment, repair/installation, and related manufacturing are treated as relatively capital-intensive manufacturing.",mixed_empirical,Mixed,0,0,0,0
266,"Manufacture of irradiation, electromedical and electrotherapeutic equipment",06,Manufacturing,06,100,manufacturing,Manufacturing,manufacturing_capital_intensive,Mfg capital,capital_intensive,"Chemicals, metals, machinery, vehicles, equipment, repair/installation, and related manufacturing are treated as relatively capital-intensive manufacturing.",high_scale,High scale,1,0,0,0
267,Manufacture of optical instruments and equipment,06,Manufacturing,06,100,manufacturing,Manufacturing,manufacturing_capital_intensive,Mfg capital,capital_intensive,"Chemicals, metals, machinery, vehicles, equipment, repair/installation, and related manufacturing are treated as relatively capital-intensive manufacturing.",mixed_empirical,Mixed,0,0,0,0
268,Manufacture of magnetic and optical media,06,Manufacturing,06,100,manufacturing,Manufacturing,manufacturing_capital_intensive,Mfg capital,capital_intensive,"Chemicals, metals, machinery, vehicles, equipment, repair/installation, and related manufacturing are treated as relatively capital-intensive manufacturing.",high_scale,High scale,1,0,0,0
271,"Manufacture of electric motors, generators, transformers and electricity distribution and control apparatus",06,Manufacturing,06,100,manufacturing,Manufacturing,manufacturing_capital_intensive,Mfg capital,capital_intensive,"Chemicals, metals, machinery, vehicles, equipment, repair/installation, and related manufacturing are treated as relatively capital-intensive manufacturing.",high_scale,High scale,1,0,0,0
272,Manufacture of batteries and accumulators,06,Manufacturing,06,100,manufacturing,Manufacturing,manufacturing_capital_intensive,Mfg capital,capital_intensive,"Chemicals, metals, machinery, vehicles, equipment, repair/installation, and related manufacturing are treated as relatively capital-intensive manufacturing.",mixed_empirical,Mixed,0,0,0,0
273,Manufacture of wiring and wiring devices,06,Manufacturing,06,100,manufacturing,Manufacturing,manufacturing_capital_intensive,Mfg capital,capital_intensive,"Chemicals, metals, machinery, vehicles, equipment, repair/installation, and related manufacturing are treated as relatively capital-intensive manufacturing.",high_scale,High scale,1,1,1,0
274,Manufacture of electric lighting equipment,06,Manufacturing,06,100,manufacturing,Manufacturing,manufacturing_capital_intensive,Mfg capital,capital_intensive,"Chemicals, metals, machinery, vehicles, equipment, repair/installation, and related manufacturing are treated as relatively capital-intensive manufacturing.",high_scale,High scale,1,0,0,0
275,Manufacture of domestic appliances,06,Manufacturing,06,100,manufacturing,Manufacturing,manufacturing_capital_intensive,Mfg capital,capital_intensive,"Chemicals, metals, machinery, vehicles, equipment, repair/installation, and related manufacturing are treated as relatively capital-intensive manufacturing.",mixed_empirical,Mixed,0,0,0,0
279,Manufacture of other electrical equipment,06,Manufacturing,06,100,manufacturing,Manufacturing,manufacturing_capital_intensive,Mfg capital,capital_intensive,"Chemicals, metals, machinery, vehicles, equipment, repair/installation, and related manufacturing are treated as relatively capital-intensive manufacturing.",high_scale,High scale,1,0,0,0
281,Manufacture of general purpose machinery,06,Manufacturing,06,100,manufacturing,Manufacturing,manufacturing_capital_intensive,Mfg capital,capital_intensive,"Chemicals, metals, machinery, vehicles, equipment, repair/installation, and related manufacturing are treated as relatively capital-intensive manufacturing.",high_scale,High scale,1,1,1,0
282,Manufacture of special-purpose machinery,06,Manufacturing,06,100,manufacturing,Manufacturing,manufacturing_capital_intensive,Mfg capital,capital_intensive,"Chemicals, metals, machinery, vehicles, equipment, repair/installation, and related manufacturing are treated as relatively capital-intensive manufacturing.",high_scale,High scale,1,1,1,0
291,Manufacture of motor vehicles,06,Manufacturing,06,100,manufacturing,Manufacturing,manufacturing_capital_intensive,Mfg capital,capital_intensive,"Chemicals, metals, machinery, vehicles, equipment, repair/installation, and related manufacturing are treated as relatively capital-intensive manufacturing.",high_scale,High scale,1,1,0,0
292,Manufacture of bodies (coachwork) for motor vehicles; manufacture of trailers and semi-trailers trailers and semi-trailers,06,Manufacturing,06,100,manufacturing,Manufacturing,manufacturing_capital_intensive,Mfg capital,capital_intensive,"Chemicals, metals, machinery, vehicles, equipment, repair/installation, and related manufacturing are treated as relatively capital-intensive manufacturing.",high_scale,High scale,1,1,0,0
293,Manufacture of parts and accessories for motor vehicles,06,Manufacturing,06,100,manufacturing,Manufacturing,manufacturing_capital_intensive,Mfg capital,capital_intensive,"Chemicals, metals, machinery, vehicles, equipment, repair/installation, and related manufacturing are treated as relatively capital-intensive manufacturing.",high_scale,High scale,1,1,1,0
301,Building of ships and boats,06,Manufacturing,06,100,manufacturing,Manufacturing,manufacturing_capital_intensive,Mfg capital,capital_intensive,"Chemicals, metals, machinery, vehicles, equipment, repair/installation, and related manufacturing are treated as relatively capital-intensive manufacturing.",high_scale,High scale,1,0,1,0
302,Manufacture of railway locomotives and rolling stock,06,Manufacturing,06,100,manufacturing,Manufacturing,manufacturing_capital_intensive,Mfg capital,capital_intensive,"Chemicals, metals, machinery, vehicles, equipment, repair/installation, and related manufacturing are treated as relatively capital-intensive manufacturing.",high_scale,High scale,1,0,1,0
303,Manufacture of air and spacecraft and related machinery,06,Manufacturing,06,100,manufacturing,Manufacturing,manufacturing_capital_intensive,Mfg capital,capital_intensive,"Chemicals, metals, machinery, vehicles, equipment, repair/installation, and related manufacturing are treated as relatively capital-intensive manufacturing.",high_scale,High scale,1,0,0,0
304,Manufacture of military fihting vehicles,06,Manufacturing,06,100,manufacturing,Manufacturing,manufacturing_capital_intensive,Mfg capital,capital_intensive,"Chemicals, metals, machinery, vehicles, equipment, repair/installation, and related manufacturing are treated as relatively capital-intensive manufacturing.",high_scale,High scale,1,0,1,0
309,Manufacture of transport equipment n.e.c.,06,Manufacturing,06,100,manufacturing,Manufacturing,manufacturing_capital_intensive,Mfg capital,capital_intensive,"Chemicals, metals, machinery, vehicles, equipment, repair/installation, and related manufacturing are treated as relatively capital-intensive manufacturing.",high_scale,High scale,1,1,1,0
310,Manufacture of furniture,06,Manufacturing,06,100,manufacturing,Manufacturing,manufacturing_labor_intensive,Mfg labour,labour_intensive,"Food, textiles, apparel, leather, wood, printing, furniture, and miscellaneous manufacturing are treated as relatively labour-intensive manufacturing.",mixed_empirical,Mixed,0,0,0,0
321,"Manufacture of jewellery, bijouterie and related articles",06,Manufacturing,06,100,manufacturing,Manufacturing,manufacturing_labor_intensive,Mfg labour,labour_intensive,"Food, textiles, apparel, leather, wood, printing, furniture, and miscellaneous manufacturing are treated as relatively labour-intensive manufacturing.",mixed_empirical,Mixed,0,0,0,0
322,Manufacture of musical instruments,06,Manufacturing,06,100,manufacturing,Manufacturing,manufacturing_labor_intensive,Mfg labour,labour_intensive,"Food, textiles, apparel, leather, wood, printing, furniture, and miscellaneous manufacturing are treated as relatively labour-intensive manufacturing.",mixed_empirical,Mixed,0,0,0,0
323,Manufacture of sports goods,06,Manufacturing,06,100,manufacturing,Manufacturing,manufacturing_labor_intensive,Mfg labour,labour_intensive,"Food, textiles, apparel, leather, wood, printing, furniture, and miscellaneous manufacturing are treated as relatively labour-intensive manufacturing.",mixed_empirical,Mixed,0,0,0,0
324,Manufacture of games and toys,06,Manufacturing,06,100,manufacturing,Manufacturing,manufacturing_labor_intensive,Mfg labour,labour_intensive,"Food, textiles, apparel, leather, wood, printing, furniture, and miscellaneous manufacturing are treated as relatively labour-intensive manufacturing.",mixed_empirical,Mixed,0,0,0,0
325,Manufacture of medical and dental instruments and supplies,06,Manufacturing,06,100,manufacturing,Manufacturing,manufacturing_labor_intensive,Mfg labour,labour_intensive,"Food, textiles, apparel, leather, wood, printing, furniture, and miscellaneous manufacturing are treated as relatively labour-intensive manufacturing.",high_scale,High scale,1,1,1,0
329,Other manufacturing n.e.c.,06,Manufacturing,06,100,manufacturing,Manufacturing,manufacturing_labor_intensive,Mfg labour,labour_intensive,"Food, textiles, apparel, leather, wood, printing, furniture, and miscellaneous manufacturing are treated as relatively labour-intensive manufacturing.",mixed_empirical,Mixed,0,0,0,0
331,"Repair of fabricated metal products, machinery and equipment",06,Manufacturing,06,100,manufacturing,Manufacturing,manufacturing_capital_intensive,Mfg capital,capital_intensive,"Chemicals, metals, machinery, vehicles, equipment, repair/installation, and related manufacturing are treated as relatively capital-intensive manufacturing.",mixed_empirical,Mixed,0,0,0,0
332,Installation of industrial machinery and equipment,06,Manufacturing,06,100,manufacturing,Manufacturing,manufacturing_capital_intensive,Mfg capital,capital_intensive,"Chemicals, metals, machinery, vehicles, equipment, repair/installation, and related manufacturing are treated as relatively capital-intensive manufacturing.",mixed_empirical,Mixed,0,0,0,0
351,"Electric power generation, transmission and distribution",07,"Electricity, gas, steam and air conditioning supply",07,100,other_services,Other services,utilities_infrastructure,Utilities/infra,capital_intensive,"Utilities, water, sewerage, waste, and remediation are infrastructure/capital-intensive sectors.",high_scale,High scale,1,1,1,0
352,Manufacture of gas; distribution of gaseous fuels through mains,07,"Electricity, gas, steam and air conditioning supply",07,100,other_services,Other services,utilities_infrastructure,Utilities/infra,capital_intensive,"Utilities, water, sewerage, waste, and remediation are infrastructure/capital-intensive sectors.",high_scale,High scale,1,1,1,0
353,Steam and air conditioning supply,07,"Electricity, gas, steam and air conditioning supply",07,100,other_services,Other services,utilities_infrastructure,Utilities/infra,capital_intensive,"Utilities, water, sewerage, waste, and remediation are infrastructure/capital-intensive sectors.",high_scale,High scale,1,1,1,0
360,"Water collection, treatment and supply",08,"Water supply, sewerage, waste management and remediation",08,100,other_services,Other services,utilities_infrastructure,Utilities/infra,capital_intensive,"Utilities, water, sewerage, waste, and remediation are infrastructure/capital-intensive sectors.",institutional_finance_intensive,Institutional finance,0,0,1,0
370,Sewerage,08,"Water supply, sewerage, waste management and remediation",08,100,other_services,Other services,utilities_infrastructure,Utilities/infra,capital_intensive,"Utilities, water, sewerage, waste, and remediation are infrastructure/capital-intensive sectors.",institutional_finance_intensive,Institutional finance,0,0,1,0
381,Waste collection,08,"Water supply, sewerage, waste management and remediation",08,100,other_services,Other services,utilities_infrastructure,Utilities/infra,capital_intensive,"Utilities, water, sewerage, waste, and remediation are infrastructure/capital-intensive sectors.",micro_own_account_intensive,Micro/own-account,0,0,0,1
382,Waste treatment and disposal,08,"Water supply, sewerage, waste management and remediation",08,100,other_services,Other services,utilities_infrastructure,Utilities/infra,capital_intensive,"Utilities, water, sewerage, waste, and remediation are infrastructure/capital-intensive sectors.",mixed_empirical,Mixed,0,0,0,0
383,Materials recovery,08,"Water supply, sewerage, waste management and remediation",08,100,other_services,Other services,utilities_infrastructure,Utilities/infra,capital_intensive,"Utilities, water, sewerage, waste, and remediation are infrastructure/capital-intensive sectors.",micro_own_account_intensive,Micro/own-account,0,0,0,1
390,Remediation activities and other waste management services,08,"Water supply, sewerage, waste management and remediation",08,100,other_services,Other services,utilities_infrastructure,Utilities/infra,capital_intensive,"Utilities, water, sewerage, waste, and remediation are infrastructure/capital-intensive sectors.",micro_own_account_intensive,Micro/own-account,0,0,0,1
410,Construction of buildings,09,Construction,09,100,construction,Construction,construction_labor_intensive,Construction,labour_intensive,Construction is treated as labour-intensive but project-scale dependent.,mixed_empirical,Mixed,0,0,0,0
421,Construction of roads and railways,09,Construction,09,100,construction,Construction,construction_labor_intensive,Construction,labour_intensive,Construction is treated as labour-intensive but project-scale dependent.,high_scale,High scale,1,0,1,0
422,Construction of utility projects,09,Construction,09,100,construction,Construction,construction_labor_intensive,Construction,labour_intensive,Construction is treated as labour-intensive but project-scale dependent.,high_scale,High scale,1,0,0,0
429,Construction of other civil engineering projects,09,Construction,09,100,construction,Construction,construction_labor_intensive,Construction,labour_intensive,Construction is treated as labour-intensive but project-scale dependent.,high_scale,High scale,1,0,0,0
431,Demolition and site preparation,09,Construction,09,100,construction,Construction,construction_labor_intensive,Construction,labour_intensive,Construction is treated as labour-intensive but project-scale dependent.,mixed_empirical,Mixed,0,0,0,0
432,"Electrical, plumbing and other construction installation activities",09,Construction,"06,09",99.9991,construction,Construction,construction_labor_intensive,Construction,labour_intensive,Construction is treated as labour-intensive but project-scale dependent.,micro_own_account_intensive,Micro/own-account,0,0,0,1
433,Building completion and fiishing,09,Construction,09,100,construction,Construction,construction_labor_intensive,Construction,labour_intensive,Construction is treated as labour-intensive but project-scale dependent.,micro_own_account_intensive,Micro/own-account,0,0,0,1
439,Other specialized construction activities,09,Construction,09,100,construction,Construction,construction_labor_intensive,Construction,labour_intensive,Construction is treated as labour-intensive but project-scale dependent.,mixed_empirical,Mixed,0,0,0,0
451,Sale of motor vehicles,10,Wholesale/retail trade and repair of motor vehicles,10,100,trade_repair,Trade/repair,trade_repair_micro,Trade/repair,trade_micro,"Wholesale, retail, motor repair, and repair of household/personal goods are treated as trade/repair and often micro-enterprise intensive.",high_scale,High scale,1,1,1,0
452,Maintenance and repair of motor vehicles,10,Wholesale/retail trade and repair of motor vehicles,10,100,trade_repair,Trade/repair,trade_repair_micro,Trade/repair,trade_micro,"Wholesale, retail, motor repair, and repair of household/personal goods are treated as trade/repair and often micro-enterprise intensive.",mixed_empirical,Mixed,0,0,0,0
453,Sale of motor vehicle parts and accessories,10,Wholesale/retail trade and repair of motor vehicles,10,100,trade_repair,Trade/repair,trade_repair_micro,Trade/repair,trade_micro,"Wholesale, retail, motor repair, and repair of household/personal goods are treated as trade/repair and often micro-enterprise intensive.",hired_labor_intensive,Hired labour,0,1,0,0
454,"Sale, maintenance and repair of motorcycles and related parts and accessories",10,Wholesale/retail trade and repair of motor vehicles,10,100,trade_repair,Trade/repair,trade_repair_micro,Trade/repair,trade_micro,"Wholesale, retail, motor repair, and repair of household/personal goods are treated as trade/repair and often micro-enterprise intensive.",mixed_empirical,Mixed,0,0,0,0
461,Wholesale on a fee or contract basis,11,Wholesale trade,11,100,trade_repair,Trade/repair,trade_repair_micro,Trade/repair,trade_micro,"Wholesale, retail, motor repair, and repair of household/personal goods are treated as trade/repair and often micro-enterprise intensive.",mixed_empirical,Mixed,0,0,0,0
462,Wholesale of agricultural raw materials and live animals,11,Wholesale trade,11,100,trade_repair,Trade/repair,trade_repair_micro,Trade/repair,trade_micro,"Wholesale, retail, motor repair, and repair of household/personal goods are treated as trade/repair and often micro-enterprise intensive.",mixed_empirical,Mixed,0,0,0,0
463,"Wholesale of food, beverages and tobacco",11,Wholesale trade,11,100,trade_repair,Trade/repair,trade_repair_micro,Trade/repair,trade_micro,"Wholesale, retail, motor repair, and repair of household/personal goods are treated as trade/repair and often micro-enterprise intensive.",mixed_empirical,Mixed,0,0,0,0
464,Wholesale of household goods,11,Wholesale trade,11,100,trade_repair,Trade/repair,trade_repair_micro,Trade/repair,trade_micro,"Wholesale, retail, motor repair, and repair of household/personal goods are treated as trade/repair and often micro-enterprise intensive.",hired_labor_intensive,Hired labour,0,1,0,0
465,"Wholesale of machinery, equipment and supplies",11,Wholesale trade,11,100,trade_repair,Trade/repair,trade_repair_micro,Trade/repair,trade_micro,"Wholesale, retail, motor repair, and repair of household/personal goods are treated as trade/repair and often micro-enterprise intensive.",hired_labor_intensive,Hired labour,0,1,0,0
466,Other specialized wholesale,11,Wholesale trade,11,100,trade_repair,Trade/repair,trade_repair_micro,Trade/repair,trade_micro,"Wholesale, retail, motor repair, and repair of household/personal goods are treated as trade/repair and often micro-enterprise intensive.",mixed_empirical,Mixed,0,0,0,0
469,Non-specialized wholesale trade,11,Wholesale trade,11,100,trade_repair,Trade/repair,trade_repair_micro,Trade/repair,trade_micro,"Wholesale, retail, motor repair, and repair of household/personal goods are treated as trade/repair and often micro-enterprise intensive.",mixed_empirical,Mixed,0,0,0,0
471,Retail sale in non-specialized stores,12,Retail trade,12,100,trade_repair,Trade/repair,trade_repair_micro,Trade/repair,trade_micro,"Wholesale, retail, motor repair, and repair of household/personal goods are treated as trade/repair and often micro-enterprise intensive.",micro_own_account_intensive,Micro/own-account,0,0,0,1
472,"Retail sale of food, beverages and tobacco in specialized stores",12,Retail trade,12,100,trade_repair,Trade/repair,trade_repair_micro,Trade/repair,trade_micro,"Wholesale, retail, motor repair, and repair of household/personal goods are treated as trade/repair and often micro-enterprise intensive.",micro_own_account_intensive,Micro/own-account,0,0,0,1
473,Retail sale of automotive fuel in specialized stores,12,Retail trade,12,100,trade_repair,Trade/repair,trade_repair_micro,Trade/repair,trade_micro,"Wholesale, retail, motor repair, and repair of household/personal goods are treated as trade/repair and often micro-enterprise intensive.",high_scale,High scale,1,1,1,0
474,Retail sale of information and communications equipment in specialized stores,12,Retail trade,12,100,trade_repair,Trade/repair,trade_repair_micro,Trade/repair,trade_micro,"Wholesale, retail, motor repair, and repair of household/personal goods are treated as trade/repair and often micro-enterprise intensive.",mixed_empirical,Mixed,0,0,0,0
475,Retail sale of other household equipment in specialized stores,12,Retail trade,12,100,trade_repair,Trade/repair,trade_repair_micro,Trade/repair,trade_micro,"Wholesale, retail, motor repair, and repair of household/personal goods are treated as trade/repair and often micro-enterprise intensive.",mixed_empirical,Mixed,0,0,0,0
476,Retail sale of cultural and recreation goods in specialized stores,12,Retail trade,12,100,trade_repair,Trade/repair,trade_repair_micro,Trade/repair,trade_micro,"Wholesale, retail, motor repair, and repair of household/personal goods are treated as trade/repair and often micro-enterprise intensive.",mixed_empirical,Mixed,0,0,0,0
477,Retail sale of other goods in specialized stores,12,Retail trade,12,100,trade_repair,Trade/repair,trade_repair_micro,Trade/repair,trade_micro,"Wholesale, retail, motor repair, and repair of household/personal goods are treated as trade/repair and often micro-enterprise intensive.",mixed_empirical,Mixed,0,0,0,0
478,Retail sale via stalls and markets,12,Retail trade,12,100,trade_repair,Trade/repair,trade_repair_micro,Trade/repair,trade_micro,"Wholesale, retail, motor repair, and repair of household/personal goods are treated as trade/repair and often micro-enterprise intensive.",micro_own_account_intensive,Micro/own-account,0,0,0,1
479,"Retail trade not in stores, stalls or markets",12,Retail trade,12,100,trade_repair,Trade/repair,trade_repair_micro,Trade/repair,trade_micro,"Wholesale, retail, motor repair, and repair of household/personal goods are treated as trade/repair and often micro-enterprise intensive.",micro_own_account_intensive,Micro/own-account,0,0,0,1
491,Transport via railways,13,Transportation and storage,13,100,transport_storage,Transport/storage,transport_storage_mixed,Transport,capital_intensive,"Transport/storage is mixed but classified as capital-intensive because vehicles, warehousing, and logistics assets are central.",institutional_finance_intensive,Institutional finance,0,0,1,0
492,Other land transport,13,Transportation and storage,13,100,transport_storage,Transport/storage,transport_storage_mixed,Transport,capital_intensive,"Transport/storage is mixed but classified as capital-intensive because vehicles, warehousing, and logistics assets are central.",institutional_finance_intensive,Institutional finance,0,0,1,1
493,Transport via pipeline,13,Transportation and storage,13,100,transport_storage,Transport/storage,transport_storage_mixed,Transport,capital_intensive,"Transport/storage is mixed but classified as capital-intensive because vehicles, warehousing, and logistics assets are central.",institutional_finance_intensive,Institutional finance,0,0,1,1
501,Sea and coastal water transport,13,Transportation and storage,13,100,transport_storage,Transport/storage,transport_storage_mixed,Transport,capital_intensive,"Transport/storage is mixed but classified as capital-intensive because vehicles, warehousing, and logistics assets are central.",high_scale,High scale,1,0,0,0
502,Inland water transport,13,Transportation and storage,13,100,transport_storage,Transport/storage,transport_storage_mixed,Transport,capital_intensive,"Transport/storage is mixed but classified as capital-intensive because vehicles, warehousing, and logistics assets are central.",mixed_empirical,Mixed,0,0,0,0
511,Passenger air transport,13,Transportation and storage,13,100,transport_storage,Transport/storage,transport_storage_mixed,Transport,capital_intensive,"Transport/storage is mixed but classified as capital-intensive because vehicles, warehousing, and logistics assets are central.",institutional_finance_intensive,Institutional finance,0,0,1,0
512,Freight air transport,13,Transportation and storage,13,100,transport_storage,Transport/storage,transport_storage_mixed,Transport,capital_intensive,"Transport/storage is mixed but classified as capital-intensive because vehicles, warehousing, and logistics assets are central.",high_scale,High scale,1,1,1,0
521,Warehousing and storage,13,Transportation and storage,13,100,transport_storage,Transport/storage,transport_storage_mixed,Transport,capital_intensive,"Transport/storage is mixed but classified as capital-intensive because vehicles, warehousing, and logistics assets are central.",hired_labor_intensive,Hired labour,0,1,0,0
522,Support activities for transportation,13,Transportation and storage,13,100,transport_storage,Transport/storage,transport_storage_mixed,Transport,capital_intensive,"Transport/storage is mixed but classified as capital-intensive because vehicles, warehousing, and logistics assets are central.",institutional_finance_intensive,Institutional finance,0,0,1,0
531,Postal activities,13,Transportation and storage,"06,13",99.9986,transport_storage,Transport/storage,transport_storage_mixed,Transport,capital_intensive,"Transport/storage is mixed but classified as capital-intensive because vehicles, warehousing, and logistics assets are central.",hired_labor_intensive,Hired labour,0,1,1,0
532,Courier activities,13,Transportation and storage,13,100,transport_storage,Transport/storage,transport_storage_mixed,Transport,capital_intensive,"Transport/storage is mixed but classified as capital-intensive because vehicles, warehousing, and logistics assets are central.",high_scale,High scale,1,1,0,0
551,Short term accommodation activities,14,Accommodation and food service activities,14,100,accommodation_food,Accommodation/food,accommodation_food_labor_intensive,Food/lodging,labour_intensive,Accommodation and food service activities are treated as labour-intensive service sectors.,high_scale,High scale,1,1,1,0
552,"Camping grounds, recreational vehicle parks and trailer parks",14,Accommodation and food service activities,14,100,accommodation_food,Accommodation/food,accommodation_food_labor_intensive,Food/lodging,labour_intensive,Accommodation and food service activities are treated as labour-intensive service sectors.,mixed_empirical,Mixed,0,0,0,0
559,Other accommodation,14,Accommodation and food service activities,14,100,accommodation_food,Accommodation/food,accommodation_food_labor_intensive,Food/lodging,labour_intensive,Accommodation and food service activities are treated as labour-intensive service sectors.,hired_labor_intensive,Hired labour,0,1,0,0
561,Restaurants and mobile food service activities,14,Accommodation and food service activities,14,100,accommodation_food,Accommodation/food,accommodation_food_labor_intensive,Food/lodging,labour_intensive,Accommodation and food service activities are treated as labour-intensive service sectors.,mixed_empirical,Mixed,0,0,0,0
562,Event catering and other food service activities,14,Accommodation and food service activities,14,100,accommodation_food,Accommodation/food,accommodation_food_labor_intensive,Food/lodging,labour_intensive,Accommodation and food service activities are treated as labour-intensive service sectors.,mixed_empirical,Mixed,0,0,0,0
563,Beverage serving activities,14,Accommodation and food service activities,14,100,accommodation_food,Accommodation/food,accommodation_food_labor_intensive,Food/lodging,labour_intensive,Accommodation and food service activities are treated as labour-intensive service sectors.,micro_own_account_intensive,Micro/own-account,0,0,0,1
581,"Publishing of books, periodicals and other publishing activities",15,Information and communication,"06,15",99.9963,finance_business_professional_services,Finance/business/prof. services,knowledge_finance_professional,Knowledge/finance,human_capital_professional,"Information, finance, real estate, and professional/technical services are knowledge, finance, and professional sectors.",mixed_empirical,Mixed,0,0,0,0
582,Software publishing,15,Information and communication,15,100,finance_business_professional_services,Finance/business/prof. services,knowledge_finance_professional,Knowledge/finance,human_capital_professional,"Information, finance, real estate, and professional/technical services are knowledge, finance, and professional sectors.",mixed_empirical,Mixed,0,0,0,0
591,"Motion picture, video and television programme activities",15,Information and communication,15,100,finance_business_professional_services,Finance/business/prof. services,knowledge_finance_professional,Knowledge/finance,human_capital_professional,"Information, finance, real estate, and professional/technical services are knowledge, finance, and professional sectors.",high_scale,High scale,1,0,0,0
592,Sound recording and music publishing activities,15,Information and communication,15,100,finance_business_professional_services,Finance/business/prof. services,knowledge_finance_professional,Knowledge/finance,human_capital_professional,"Information, finance, real estate, and professional/technical services are knowledge, finance, and professional sectors.",mixed_empirical,Mixed,0,0,0,0
601,Radio broadcasting,15,Information and communication,15,100,finance_business_professional_services,Finance/business/prof. services,knowledge_finance_professional,Knowledge/finance,human_capital_professional,"Information, finance, real estate, and professional/technical services are knowledge, finance, and professional sectors.",mixed_empirical,Mixed,0,0,0,0
602,Television programming and broadcasting activities,15,Information and communication,15,100,finance_business_professional_services,Finance/business/prof. services,knowledge_finance_professional,Knowledge/finance,human_capital_professional,"Information, finance, real estate, and professional/technical services are knowledge, finance, and professional sectors.",mixed_empirical,Mixed,0,0,0,0
611,Wired telecommunications activities,15,Information and communication,15,100,finance_business_professional_services,Finance/business/prof. services,knowledge_finance_professional,Knowledge/finance,human_capital_professional,"Information, finance, real estate, and professional/technical services are knowledge, finance, and professional sectors.",mixed_empirical,Mixed,0,0,0,0
612,Wireless telecommunications activities,15,Information and communication,15,100,finance_business_professional_services,Finance/business/prof. services,knowledge_finance_professional,Knowledge/finance,human_capital_professional,"Information, finance, real estate, and professional/technical services are knowledge, finance, and professional sectors.",mixed_empirical,Mixed,0,0,0,0
613,Satellite telecommunications activities,15,Information and communication,15,100,finance_business_professional_services,Finance/business/prof. services,knowledge_finance_professional,Knowledge/finance,human_capital_professional,"Information, finance, real estate, and professional/technical services are knowledge, finance, and professional sectors.",mixed_empirical,Mixed,0,0,0,0
619,Other telecommunications activities,15,Information and communication,15,100,finance_business_professional_services,Finance/business/prof. services,knowledge_finance_professional,Knowledge/finance,human_capital_professional,"Information, finance, real estate, and professional/technical services are knowledge, finance, and professional sectors.",mixed_empirical,Mixed,0,0,0,0
620,"Computer programming, consultancy and related activities",15,Information and communication,15,100,finance_business_professional_services,Finance/business/prof. services,knowledge_finance_professional,Knowledge/finance,human_capital_professional,"Information, finance, real estate, and professional/technical services are knowledge, finance, and professional sectors.",high_scale,High scale,1,1,0,0
631,"Data processing, hosting and related activities; web portals",15,Information and communication,15,100,finance_business_professional_services,Finance/business/prof. services,knowledge_finance_professional,Knowledge/finance,human_capital_professional,"Information, finance, real estate, and professional/technical services are knowledge, finance, and professional sectors.",mixed_empirical,Mixed,0,0,0,0
639,Other information service activities,15,Information and communication,15,100,finance_business_professional_services,Finance/business/prof. services,knowledge_finance_professional,Knowledge/finance,human_capital_professional,"Information, finance, real estate, and professional/technical services are knowledge, finance, and professional sectors.",mixed_empirical,Mixed,0,0,0,0
641,Monetary intermediation,16,Financial and insurance activities,16,100,finance_business_professional_services,Finance/business/prof. services,knowledge_finance_professional,Knowledge/finance,human_capital_professional,"Information, finance, real estate, and professional/technical services are knowledge, finance, and professional sectors.",high_scale,High scale,1,1,1,0
642,Activities of holding companies,16,Financial and insurance activities,16,100,finance_business_professional_services,Finance/business/prof. services,knowledge_finance_professional,Knowledge/finance,human_capital_professional,"Information, finance, real estate, and professional/technical services are knowledge, finance, and professional sectors.",institutional_finance_intensive,Institutional finance,0,0,1,0
643,"Trusts, funds and other fiancial vehicles",16,Financial and insurance activities,16,100,finance_business_professional_services,Finance/business/prof. services,knowledge_finance_professional,Knowledge/finance,human_capital_professional,"Information, finance, real estate, and professional/technical services are knowledge, finance, and professional sectors.",institutional_finance_intensive,Institutional finance,0,0,1,0
649,"Other fiancial service activities, except insurance and pension funding activities",16,Financial and insurance activities,16,100,finance_business_professional_services,Finance/business/prof. services,knowledge_finance_professional,Knowledge/finance,human_capital_professional,"Information, finance, real estate, and professional/technical services are knowledge, finance, and professional sectors.",institutional_finance_intensive,Institutional finance,0,0,1,0
651,Insurance,16,Financial and insurance activities,16,100,finance_business_professional_services,Finance/business/prof. services,knowledge_finance_professional,Knowledge/finance,human_capital_professional,"Information, finance, real estate, and professional/technical services are knowledge, finance, and professional sectors.",micro_own_account_intensive,Micro/own-account,0,0,0,1
652,Reinsurance,16,Financial and insurance activities,16,100,finance_business_professional_services,Finance/business/prof. services,knowledge_finance_professional,Knowledge/finance,human_capital_professional,"Information, finance, real estate, and professional/technical services are knowledge, finance, and professional sectors.",mixed_empirical,Mixed,0,0,0,0
653,Pension funding,16,Financial and insurance activities,16,100,finance_business_professional_services,Finance/business/prof. services,knowledge_finance_professional,Knowledge/finance,human_capital_professional,"Information, finance, real estate, and professional/technical services are knowledge, finance, and professional sectors.",mixed_empirical,Mixed,0,0,0,0
661,"Activities auxiliary to fiancial service activities, except insurance and pension funding",16,Financial and insurance activities,16,100,finance_business_professional_services,Finance/business/prof. services,knowledge_finance_professional,Knowledge/finance,human_capital_professional,"Information, finance, real estate, and professional/technical services are knowledge, finance, and professional sectors.",mixed_empirical,Mixed,0,0,0,0
662,Activities auxiliary to insurance and pension funding,16,Financial and insurance activities,16,100,finance_business_professional_services,Finance/business/prof. services,knowledge_finance_professional,Knowledge/finance,human_capital_professional,"Information, finance, real estate, and professional/technical services are knowledge, finance, and professional sectors.",micro_own_account_intensive,Micro/own-account,0,0,0,1
663,Fund management activities,16,Financial and insurance activities,16,100,finance_business_professional_services,Finance/business/prof. services,knowledge_finance_professional,Knowledge/finance,human_capital_professional,"Information, finance, real estate, and professional/technical services are knowledge, finance, and professional sectors.",institutional_finance_intensive,Institutional finance,0,0,1,0
681,Real estate activities with own or leased property,17,Real estate activities,17,100,finance_business_professional_services,Finance/business/prof. services,knowledge_finance_professional,Knowledge/finance,human_capital_professional,"Information, finance, real estate, and professional/technical services are knowledge, finance, and professional sectors.",micro_own_account_intensive,Micro/own-account,0,0,0,1
682,Real estate activities on a fee or contract basis,17,Real estate activities,17,100,finance_business_professional_services,Finance/business/prof. services,knowledge_finance_professional,Knowledge/finance,human_capital_professional,"Information, finance, real estate, and professional/technical services are knowledge, finance, and professional sectors.",micro_own_account_intensive,Micro/own-account,0,0,0,1
691,Legal activities,18,"Professional, scientific, and technical activities",18,100,finance_business_professional_services,Finance/business/prof. services,knowledge_finance_professional,Knowledge/finance,human_capital_professional,"Information, finance, real estate, and professional/technical services are knowledge, finance, and professional sectors.",mixed_empirical,Mixed,0,0,0,0
692,"Accounting, bookkeeping and auditing activities; tax consultancy",18,"Professional, scientific, and technical activities",18,100,finance_business_professional_services,Finance/business/prof. services,knowledge_finance_professional,Knowledge/finance,human_capital_professional,"Information, finance, real estate, and professional/technical services are knowledge, finance, and professional sectors.",high_scale,High scale,1,1,0,0
701,Activities of head offies,18,"Professional, scientific, and technical activities",18,100,finance_business_professional_services,Finance/business/prof. services,knowledge_finance_professional,Knowledge/finance,human_capital_professional,"Information, finance, real estate, and professional/technical services are knowledge, finance, and professional sectors.",high_scale,High scale,1,1,0,0
702,Management consultancy activities,18,"Professional, scientific, and technical activities",18,100,finance_business_professional_services,Finance/business/prof. services,knowledge_finance_professional,Knowledge/finance,human_capital_professional,"Information, finance, real estate, and professional/technical services are knowledge, finance, and professional sectors.",high_scale,High scale,1,1,0,0
711,Architectural and engineering activities and related technical consultancy,18,"Professional, scientific, and technical activities",18,100,finance_business_professional_services,Finance/business/prof. services,knowledge_finance_professional,Knowledge/finance,human_capital_professional,"Information, finance, real estate, and professional/technical services are knowledge, finance, and professional sectors.",high_scale,High scale,1,1,0,0
712,Technical testing and analysis,18,"Professional, scientific, and technical activities",18,100,finance_business_professional_services,Finance/business/prof. services,knowledge_finance_professional,Knowledge/finance,human_capital_professional,"Information, finance, real estate, and professional/technical services are knowledge, finance, and professional sectors.",high_scale,High scale,1,1,0,0
721,Research and experimental development on natural sciences and engineering,18,"Professional, scientific, and technical activities",18,100,finance_business_professional_services,Finance/business/prof. services,knowledge_finance_professional,Knowledge/finance,human_capital_professional,"Information, finance, real estate, and professional/technical services are knowledge, finance, and professional sectors.",mixed_empirical,Mixed,0,0,0,0
722,Research and experimental development on social sciences and humanities,18,"Professional, scientific, and technical activities",18,100,finance_business_professional_services,Finance/business/prof. services,knowledge_finance_professional,Knowledge/finance,human_capital_professional,"Information, finance, real estate, and professional/technical services are knowledge, finance, and professional sectors.",mixed_empirical,Mixed,0,0,0,0
731,Advertising,18,"Professional, scientific, and technical activities",18,100,finance_business_professional_services,Finance/business/prof. services,knowledge_finance_professional,Knowledge/finance,human_capital_professional,"Information, finance, real estate, and professional/technical services are knowledge, finance, and professional sectors.",high_scale,High scale,1,1,0,0
732,Market research and public opinion polling,18,"Professional, scientific, and technical activities",18,100,finance_business_professional_services,Finance/business/prof. services,knowledge_finance_professional,Knowledge/finance,human_capital_professional,"Information, finance, real estate, and professional/technical services are knowledge, finance, and professional sectors.",high_scale,High scale,1,0,0,0
741,Specialized design activities,18,"Professional, scientific, and technical activities",18,100,finance_business_professional_services,Finance/business/prof. services,knowledge_finance_professional,Knowledge/finance,human_capital_professional,"Information, finance, real estate, and professional/technical services are knowledge, finance, and professional sectors.",mixed_empirical,Mixed,0,0,0,0
742,Photographic activities,18,"Professional, scientific, and technical activities",18,100,finance_business_professional_services,Finance/business/prof. services,knowledge_finance_professional,Knowledge/finance,human_capital_professional,"Information, finance, real estate, and professional/technical services are knowledge, finance, and professional sectors.",mixed_empirical,Mixed,0,0,0,0
744,xxxxxxxxx,18,"Professional, scientific, and technical activities",18,100,finance_business_professional_services,Finance/business/prof. services,knowledge_finance_professional,Knowledge/finance,human_capital_professional,"Information, finance, real estate, and professional/technical services are knowledge, finance, and professional sectors.",mixed_empirical,Mixed,0,0,0,0
749,"Other professional, scientifi and technical activities n.e.c",18,"Professional, scientific, and technical activities",18,100,finance_business_professional_services,Finance/business/prof. services,knowledge_finance_professional,Knowledge/finance,human_capital_professional,"Information, finance, real estate, and professional/technical services are knowledge, finance, and professional sectors.",mixed_empirical,Mixed,0,0,0,0
750,Veterinary activities,18,"Professional, scientific, and technical activities",18,100,finance_business_professional_services,Finance/business/prof. services,knowledge_finance_professional,Knowledge/finance,human_capital_professional,"Information, finance, real estate, and professional/technical services are knowledge, finance, and professional sectors.",institutional_finance_intensive,Institutional finance,0,0,1,0
771,Renting and leasing of motor vehicles,19,Administrative and support service activities,19,100,finance_business_professional_services,Finance/business/prof. services,business_admin_support,Admin support,labour_intensive,Administrative and support services are treated as service labour-intensive/mixed.,institutional_finance_intensive,Institutional finance,0,0,1,1
772,Renting and leasing of personal and household good,19,Administrative and support service activities,19,100,finance_business_professional_services,Finance/business/prof. services,business_admin_support,Admin support,labour_intensive,Administrative and support services are treated as service labour-intensive/mixed.,mixed_empirical,Mixed,0,0,0,0
773,"Renting and leasing of other machinery, equipment and tangible goods n.e.c.",19,Administrative and support service activities,19,100,finance_business_professional_services,Finance/business/prof. services,business_admin_support,Admin support,labour_intensive,Administrative and support services are treated as service labour-intensive/mixed.,institutional_finance_intensive,Institutional finance,0,0,1,1
774,Leasing of nonfiancial intangible assets,19,Administrative and support service activities,19,100,finance_business_professional_services,Finance/business/prof. services,business_admin_support,Admin support,labour_intensive,Administrative and support services are treated as service labour-intensive/mixed.,micro_own_account_intensive,Micro/own-account,0,0,0,1
781,Activities of employment placement agencies,19,Administrative and support service activities,19,100,finance_business_professional_services,Finance/business/prof. services,business_admin_support,Admin support,labour_intensive,Administrative and support services are treated as service labour-intensive/mixed.,high_scale,High scale,1,1,0,0
782,Temporary employment agency activities,19,Administrative and support service activities,19,100,finance_business_professional_services,Finance/business/prof. services,business_admin_support,Admin support,labour_intensive,Administrative and support services are treated as service labour-intensive/mixed.,mixed_empirical,Mixed,0,0,0,0
783,Human resources provision and management of human resources functions,19,Administrative and support service activities,19,100,finance_business_professional_services,Finance/business/prof. services,business_admin_support,Admin support,labour_intensive,Administrative and support services are treated as service labour-intensive/mixed.,mixed_empirical,Mixed,0,0,0,0
791,Travel agency and tour operator activities,19,Administrative and support service activities,19,100,finance_business_professional_services,Finance/business/prof. services,business_admin_support,Admin support,labour_intensive,Administrative and support services are treated as service labour-intensive/mixed.,hired_labor_intensive,Hired labour,0,1,0,0
799,Other reservation service activities,19,Administrative and support service activities,19,100,finance_business_professional_services,Finance/business/prof. services,business_admin_support,Admin support,labour_intensive,Administrative and support services are treated as service labour-intensive/mixed.,hired_labor_intensive,Hired labour,0,1,1,0
801,Private security activities,19,Administrative and support service activities,19,100,finance_business_professional_services,Finance/business/prof. services,business_admin_support,Admin support,labour_intensive,Administrative and support services are treated as service labour-intensive/mixed.,high_scale,High scale,1,1,1,0
802,Security systems service activities,19,Administrative and support service activities,19,100,finance_business_professional_services,Finance/business/prof. services,business_admin_support,Admin support,labour_intensive,Administrative and support services are treated as service labour-intensive/mixed.,high_scale,High scale,1,1,1,0
803,Investigation activities,19,Administrative and support service activities,19,100,finance_business_professional_services,Finance/business/prof. services,business_admin_support,Admin support,labour_intensive,Administrative and support services are treated as service labour-intensive/mixed.,hired_labor_intensive,Hired labour,0,1,0,0
811,Combined facilities support activities,19,Administrative and support service activities,19,100,finance_business_professional_services,Finance/business/prof. services,business_admin_support,Admin support,labour_intensive,Administrative and support services are treated as service labour-intensive/mixed.,mixed_empirical,Mixed,0,0,0,0
812,Cleaning activities,19,Administrative and support service activities,19,100,finance_business_professional_services,Finance/business/prof. services,business_admin_support,Admin support,labour_intensive,Administrative and support services are treated as service labour-intensive/mixed.,mixed_empirical,Mixed,0,0,0,0
813,Landscape care and maintenance service activities,19,Administrative and support service activities,19,100,finance_business_professional_services,Finance/business/prof. services,business_admin_support,Admin support,labour_intensive,Administrative and support services are treated as service labour-intensive/mixed.,mixed_empirical,Mixed,0,0,0,0
821,Offie administrative and support activities,19,Administrative and support service activities,19,100,finance_business_professional_services,Finance/business/prof. services,business_admin_support,Admin support,labour_intensive,Administrative and support services are treated as service labour-intensive/mixed.,mixed_empirical,Mixed,0,0,0,0
822,Activities of call centres,19,Administrative and support service activities,19,100,finance_business_professional_services,Finance/business/prof. services,business_admin_support,Admin support,labour_intensive,Administrative and support services are treated as service labour-intensive/mixed.,high_scale,High scale,1,0,0,0
823,Organization of conventions and trade shows,19,Administrative and support service activities,19,100,finance_business_professional_services,Finance/business/prof. services,business_admin_support,Admin support,labour_intensive,Administrative and support services are treated as service labour-intensive/mixed.,high_scale,High scale,1,1,0,0
829,Business support service activities n.e.c,19,Administrative and support service activities,19,100,finance_business_professional_services,Finance/business/prof. services,business_admin_support,Admin support,labour_intensive,Administrative and support services are treated as service labour-intensive/mixed.,mixed_empirical,Mixed,0,0,0,0
851,Primary education,20,Education,20,100,education_health,Education/health,education_health_human_capital,Edu/health,human_capital_professional,"Education, health, and social work require credentials, institutions, and human-capital barriers.",high_scale,High scale,1,1,1,0
852,Secondary education,20,Education,20,100,education_health,Education/health,education_health_human_capital,Edu/health,human_capital_professional,"Education, health, and social work require credentials, institutions, and human-capital barriers.",high_scale,High scale,1,1,1,0
853,Higher education,20,Education,20,100,education_health,Education/health,education_health_human_capital,Edu/health,human_capital_professional,"Education, health, and social work require credentials, institutions, and human-capital barriers.",high_scale,High scale,1,1,1,0
854,Other education,20,Education,20,100,education_health,Education/health,education_health_human_capital,Edu/health,human_capital_professional,"Education, health, and social work require credentials, institutions, and human-capital barriers.",mixed_empirical,Mixed,0,0,0,0
855,Educational support services,20,Education,20,100,education_health,Education/health,education_health_human_capital,Edu/health,human_capital_professional,"Education, health, and social work require credentials, institutions, and human-capital barriers.",mixed_empirical,Mixed,0,0,0,0
861,Hospital activities,21,Human health and social work activities,21,100,education_health,Education/health,education_health_human_capital,Edu/health,human_capital_professional,"Education, health, and social work require credentials, institutions, and human-capital barriers.",high_scale,High scale,1,1,1,0
862,Medical and dental practice activities,21,Human health and social work activities,21,100,education_health,Education/health,education_health_human_capital,Edu/health,human_capital_professional,"Education, health, and social work require credentials, institutions, and human-capital barriers.",mixed_empirical,Mixed,0,0,0,0
869,Other human health activities,21,Human health and social work activities,21,100,education_health,Education/health,education_health_human_capital,Edu/health,human_capital_professional,"Education, health, and social work require credentials, institutions, and human-capital barriers.",mixed_empirical,Mixed,0,0,0,0
871,Nursing care facilities,21,Human health and social work activities,21,100,education_health,Education/health,education_health_human_capital,Edu/health,human_capital_professional,"Education, health, and social work require credentials, institutions, and human-capital barriers.",hired_labor_intensive,Hired labour,0,1,1,0
872,"Residential care activities for mental retardation, mental health and substance abuse",21,Human health and social work activities,21,100,education_health,Education/health,education_health_human_capital,Edu/health,human_capital_professional,"Education, health, and social work require credentials, institutions, and human-capital barriers.",mixed_empirical,Mixed,0,0,0,0
873,Residential care activities for the elderly and disabled,21,Human health and social work activities,21,100,education_health,Education/health,education_health_human_capital,Edu/health,human_capital_professional,"Education, health, and social work require credentials, institutions, and human-capital barriers.",mixed_empirical,Mixed,0,0,0,0
879,Other residential care activities n.e.c.,21,Human health and social work activities,21,100,education_health,Education/health,education_health_human_capital,Edu/health,human_capital_professional,"Education, health, and social work require credentials, institutions, and human-capital barriers.",hired_labor_intensive,Hired labour,0,1,1,0
881,Social work activities without accommodation for the elderly and disabled,21,Human health and social work activities,21,100,education_health,Education/health,education_health_human_capital,Edu/health,human_capital_professional,"Education, health, and social work require credentials, institutions, and human-capital barriers.",institutional_finance_intensive,Institutional finance,0,0,1,0
889,Other social work activities without accommodation n.e.c,21,Human health and social work activities,21,100,education_health,Education/health,education_health_human_capital,Edu/health,human_capital_professional,"Education, health, and social work require credentials, institutions, and human-capital barriers.",hired_labor_intensive,Hired labour,0,1,1,0
900,"Creative, arts and entertainment activities",22,"Arts, entertainment, sports, amusement, and recreation",22,100,other_services,Other services,personal_social_other_services,Other personal,personal_services,"Arts, membership organizations, and other personal services are grouped as social/personal services.",mixed_empirical,Mixed,0,0,0,0
910,"Libraries, archives, museums and other cultural activities",22,"Arts, entertainment, sports, amusement, and recreation",22,100,other_services,Other services,personal_social_other_services,Other personal,personal_services,"Arts, membership organizations, and other personal services are grouped as social/personal services.",hired_labor_intensive,Hired labour,0,1,1,0
920,Gambling and betting activities,12,Retail trade,12,100,trade_repair,Trade/repair,personal_social_other_services,Other personal,personal_services,"Arts, membership organizations, and other personal services are grouped as social/personal services.",micro_own_account_intensive,Micro/own-account,0,0,0,1
931,Sports activities,22,"Arts, entertainment, sports, amusement, and recreation",22,100,other_services,Other services,personal_social_other_services,Other personal,personal_services,"Arts, membership organizations, and other personal services are grouped as social/personal services.",institutional_finance_intensive,Institutional finance,0,0,1,0
932,Other amusement and recreation activities,22,"Arts, entertainment, sports, amusement, and recreation",22,100,other_services,Other services,personal_social_other_services,Other personal,personal_services,"Arts, membership organizations, and other personal services are grouped as social/personal services.",mixed_empirical,Mixed,0,0,0,0
941,"Activities of business, employers and professional membership organizations",23,Other service activities,23,100,other_services,Other services,personal_social_other_services,Other personal,personal_services,"Arts, membership organizations, and other personal services are grouped as social/personal services.",mixed_empirical,Mixed,0,0,0,0
942,Activities of trade unions,23,Other service activities,23,100,other_services,Other services,personal_social_other_services,Other personal,personal_services,"Arts, membership organizations, and other personal services are grouped as social/personal services.",institutional_finance_intensive,Institutional finance,0,0,1,0
949,Activities of other membership organizations,23,Other service activities,23,100,other_services,Other services,personal_social_other_services,Other personal,personal_services,"Arts, membership organizations, and other personal services are grouped as social/personal services.",mixed_empirical,Mixed,0,0,0,0
951,Repair of computers and communication equipment,23,Other service activities,23,100,other_services,Other services,trade_repair_micro,Trade/repair,trade_micro,"Wholesale, retail, motor repair, and repair of household/personal goods are treated as trade/repair and often micro-enterprise intensive.",micro_own_account_intensive,Micro/own-account,0,0,0,1
952,Repair of personal and household goods,23,Other service activities,23,100,other_services,Other services,trade_repair_micro,Trade/repair,trade_micro,"Wholesale, retail, motor repair, and repair of household/personal goods are treated as trade/repair and often micro-enterprise intensive.",micro_own_account_intensive,Micro/own-account,0,0,0,1
960,Other personal service activities,23,Other service activities,23,100,other_services,Other services,personal_social_other_services,Other personal,personal_services,"Arts, membership organizations, and other personal services are grouped as social/personal services.",micro_own_account_intensive,Micro/own-account,0,0,0,1
