map_state_code,map_state_name,pc11_state_id,pc11_district_id,pc11_district_name,total_population,sc_population,st_population,sc_population_share_pct,st_population_share_pct,source_level,source_tru
01,Jammu and Kashmir,01,001,Kupwara,870354,1048,70352,0.1204,8.0831,DISTRICT,Total
01,Jammu and Kashmir,01,002,Badgam,753745,368,23912,0.0488,3.1724,DISTRICT,Total
01,Jammu and Kashmir,01,003,Leh(Ladakh),133487,488,95857,0.3656,71.81,DISTRICT,Total
01,Jammu and Kashmir,01,004,Kargil,140802,18,122336,0.0128,86.8851,DISTRICT,Total
01,Jammu and Kashmir,01,005,Punch,476835,556,176101,0.1166,36.9312,DISTRICT,Total
01,Jammu and Kashmir,01,006,Rajouri,642415,48157,232815,7.4962,36.2406,DISTRICT,Total
01,Jammu and Kashmir,01,007,Kathua,616435,141224,53307,22.9098,8.6476,DISTRICT,Total
01,Jammu and Kashmir,01,008,Baramula,1008039,1476,37705,0.1464,3.7404,DISTRICT,Total
01,Jammu and Kashmir,01,009,Bandipore,392232,392,75374,0.0999,19.2167,DISTRICT,Total
01,Jammu and Kashmir,01,010,Srinagar,1236829,1068,8935,0.0863,0.7224,DISTRICT,Total
01,Jammu and Kashmir,01,011,Ganderbal,297446,117,61070,0.0393,20.5315,DISTRICT,Total
01,Jammu and Kashmir,01,012,Pulwama,560440,402,22607,0.0717,4.0338,DISTRICT,Total
01,Jammu and Kashmir,01,013,Shupiyan,266215,43,21820,0.0162,8.1964,DISTRICT,Total
01,Jammu and Kashmir,01,014,Anantnag,1078692,1826,116006,0.1693,10.7543,DISTRICT,Total
01,Jammu and Kashmir,01,015,Kulgam,424483,21,26525,0.0049,6.2488,DISTRICT,Total
01,Jammu and Kashmir,01,016,Doda,409936,53408,39216,13.0284,9.5664,DISTRICT,Total
01,Jammu and Kashmir,01,017,Ramban,283713,13920,39772,4.9064,14.0184,DISTRICT,Total
01,Jammu and Kashmir,01,018,Kishtwar,230696,14307,38149,6.2017,16.5365,DISTRICT,Total
01,Jammu and Kashmir,01,019,Udhampur,554985,138569,56309,24.9681,10.146,DISTRICT,Total
01,Jammu and Kashmir,01,020,Reasi,314667,37757,88365,11.999,28.0821,DISTRICT,Total
01,Jammu and Kashmir,01,021,Jammu,1529958,377991,69193,24.706,4.5225,DISTRICT,Total
01,Jammu and Kashmir,01,022,Samba,318898,91835,17573,28.7976,5.5105,DISTRICT,Total
02,Himachal Pradesh,02,023,Chamba,519080,111690,135500,21.5169,26.1039,DISTRICT,Total
02,Himachal Pradesh,02,024,Kangra,1510075,319385,84564,21.1503,5.6,DISTRICT,Total
02,Himachal Pradesh,02,025,Lahul & Spiti,31564,2235,25707,7.0809,81.4441,DISTRICT,Total
02,Himachal Pradesh,02,026,Kullu,437903,122659,16822,28.0105,3.8415,DISTRICT,Total
02,Himachal Pradesh,02,027,Mandi,999777,293739,12787,29.3805,1.279,DISTRICT,Total
02,Himachal Pradesh,02,028,Hamirpur,454768,109256,3044,24.0246,0.6694,DISTRICT,Total
02,Himachal Pradesh,02,029,Una,521173,115491,8601,22.1598,1.6503,DISTRICT,Total
02,Himachal Pradesh,02,030,Bilaspur,381956,98989,10693,25.9163,2.7995,DISTRICT,Total
02,Himachal Pradesh,02,031,Solan,580320,164536,25645,28.3526,4.4191,DISTRICT,Total
02,Himachal Pradesh,02,032,Sirmaur,529855,160745,11262,30.3375,2.1255,DISTRICT,Total
02,Himachal Pradesh,02,033,Shimla,814010,215777,8755,26.5079,1.0755,DISTRICT,Total
02,Himachal Pradesh,02,034,Kinnaur,84121,14750,48746,17.5343,57.9475,DISTRICT,Total
03,Punjab,03,035,Gurdaspur,2298323,580576,0,25.2609,0,DISTRICT,Total
03,Punjab,03,036,Kapurthala ,815168,276707,0,33.9448,0,DISTRICT,Total
03,Punjab,03,037,Jalandhar,2193590,854444,0,38.9519,0,DISTRICT,Total
03,Punjab,03,038,Hoshiarpur,1586625,557504,0,35.1377,0,DISTRICT,Total
03,Punjab,03,039,Shahid Bhagat Singh Nagar ,612310,260284,0,42.5085,0,DISTRICT,Total
03,Punjab,03,040,Fatehgarh Sahib,600163,192493,0,32.0735,0,DISTRICT,Total
03,Punjab,03,041,Ludhiana,3498739,923358,0,26.3912,0,DISTRICT,Total
03,Punjab,03,042,Moga,995746,363417,0,36.497,0,DISTRICT,Total
03,Punjab,03,043,Firozpur,2029074,855726,0,42.1732,0,DISTRICT,Total
03,Punjab,03,044,Muktsar,901896,381554,0,42.3058,0,DISTRICT,Total
03,Punjab,03,045,Faridkot,617508,240328,0,38.919,0,DISTRICT,Total
03,Punjab,03,046,Bathinda,1388525,450473,0,32.4426,0,DISTRICT,Total
03,Punjab,03,047,Mansa,769751,258878,0,33.6314,0,DISTRICT,Total
03,Punjab,03,048,Patiala,1895686,465359,0,24.5483,0,DISTRICT,Total
03,Punjab,03,049,Amritsar ,2490656,770864,0,30.9502,0,DISTRICT,Total
03,Punjab,03,050,Tarn Taran,1119627,377468,0,33.7137,0,DISTRICT,Total
03,Punjab,03,051,Rupnagar,684627,180905,0,26.4239,0,DISTRICT,Total
03,Punjab,03,052,Sahibzada Ajit Singh Nagar,994628,216231,0,21.7399,0,DISTRICT,Total
03,Punjab,03,053,Sangrur,1655169,461609,0,27.8889,0,DISTRICT,Total
03,Punjab,03,054,Barnala,595527,192001,0,32.2405,0,DISTRICT,Total
04,Chandigarh,04,055,Chandigarh,1055450,199086,0,18.8627,0,DISTRICT,Total
05,Uttarakhand,05,056,Uttarkashi,330086,80567,3512,24.4079,1.064,DISTRICT,Total
05,Uttarakhand,05,057,Chamoli,391605,79317,12260,20.2543,3.1307,DISTRICT,Total
05,Uttarakhand,05,058,Rudraprayag,242285,47679,386,19.6789,0.1593,DISTRICT,Total
05,Uttarakhand,05,059,Tehri Garhwal,618931,102130,875,16.501,0.1414,DISTRICT,Total
05,Uttarakhand,05,060,Dehradun,1696694,228901,111663,13.491,6.5812,DISTRICT,Total
05,Uttarakhand,05,061,Garhwal,687271,122361,2215,17.8039,0.3223,DISTRICT,Total
05,Uttarakhand,05,062,Pithoragarh,483439,120378,19535,24.9003,4.0408,DISTRICT,Total
05,Uttarakhand,05,063,Bageshwar,259898,72061,1982,27.7266,0.7626,DISTRICT,Total
05,Uttarakhand,05,064,"Almora
",622506,150995,1281,24.256,0.2058,DISTRICT,Total
05,Uttarakhand,05,065,Champawat,259648,47383,1339,18.2489,0.5157,DISTRICT,Total
05,Uttarakhand,05,066,Nainital,954605,191206,7495,20.0299,0.7851,DISTRICT,Total
05,Uttarakhand,05,067,Udham Singh Nagar,1648902,238264,123037,14.4499,7.4618,DISTRICT,Total
05,Uttarakhand,05,068,Hardwar,1890422,411274,6323,21.7557,0.3345,DISTRICT,Total
06,Haryana,06,069,Panchkula,561293,101830,0,18.142,0,DISTRICT,Total
06,Haryana,06,070,Ambala,1128350,296246,0,26.2548,0,DISTRICT,Total
06,Haryana,06,071,Yamunanagar,1214205,306743,0,25.2629,0,DISTRICT,Total
06,Haryana,06,072,Kurukshetra,964655,215128,0,22.301,0,DISTRICT,Total
06,Haryana,06,073,Kaithal,1074304,247513,0,23.0394,0,DISTRICT,Total
06,Haryana,06,074,Karnal,1505324,339604,0,22.5602,0,DISTRICT,Total
06,Haryana,06,075,Panipat,1205437,206213,0,17.1069,0,DISTRICT,Total
06,Haryana,06,076,Sonipat,1450001,269935,0,18.6162,0,DISTRICT,Total
06,Haryana,06,077,Jind,1334152,282351,0,21.1633,0,DISTRICT,Total
06,Haryana,06,078,Fatehabad,942011,284357,0,30.1862,0,DISTRICT,Total
06,Haryana,06,079,Sirsa,1295189,387381,0,29.9092,0,DISTRICT,Total
06,Haryana,06,080,Hisar,1743931,408785,0,23.4404,0,DISTRICT,Total
06,Haryana,06,081,Bhiwani,1634445,341162,0,20.8733,0,DISTRICT,Total
06,Haryana,06,082,Rohtak,1061204,216889,0,20.438,0,DISTRICT,Total
06,Haryana,06,083,Jhajjar,958405,170448,0,17.7845,0,DISTRICT,Total
06,Haryana,06,084,Mahendragarh,922088,156314,0,16.9522,0,DISTRICT,Total
06,Haryana,06,085,Rewari,900332,182606,0,20.2821,0,DISTRICT,Total
06,Haryana,06,086,Gurgaon,1514432,197937,0,13.07,0,DISTRICT,Total
06,Haryana,06,087,Mewat ,1089263,75251,0,6.9084,0,DISTRICT,Total
06,Haryana,06,088,Faridabad,1809733,223799,0,12.3664,0,DISTRICT,Total
06,Haryana,06,089,Palwal ,1042708,203123,0,19.4803,0,DISTRICT,Total
07,Delhi,07,090,North West,3656539,697237,0,19.0682,0,DISTRICT,Total
07,Delhi,07,091,North,887978,165663,0,18.6562,0,DISTRICT,Total
07,Delhi,07,092,North East,2241624,373758,0,16.6735,0,DISTRICT,Total
07,Delhi,07,093,East,1709346,281422,0,16.4637,0,DISTRICT,Total
07,Delhi,07,094,New Delhi,142004,33245,0,23.4113,0,DISTRICT,Total
07,Delhi,07,095,Central,582320,143178,0,24.5875,0,DISTRICT,Total
07,Delhi,07,096,West,2543243,376472,0,14.8028,0,DISTRICT,Total
07,Delhi,07,097,South West,2292958,318408,0,13.8863,0,DISTRICT,Total
07,Delhi,07,098,South,2731929,422926,0,15.4809,0,DISTRICT,Total
08,Rajasthan,08,099,Ganganagar ,1969168,720412,13477,36.5846,0.6844,DISTRICT,Total
08,Rajasthan,08,100,Hanumangarh,1774692,494189,14289,27.8465,0.8052,DISTRICT,Total
08,Rajasthan,08,101,Bikaner,2363937,493646,7779,20.8824,0.3291,DISTRICT,Total
08,Rajasthan,08,102,Churu,2039547,451721,11245,22.1481,0.5513,DISTRICT,Total
08,Rajasthan,08,103,Jhunjhunun,2137045,360709,41629,16.8789,1.948,DISTRICT,Total
08,Rajasthan,08,104,Alwar,3674179,653036,289249,17.7737,7.8725,DISTRICT,Total
08,Rajasthan,08,105,Bharatpur,2548462,557305,54090,21.8683,2.1225,DISTRICT,Total
08,Rajasthan,08,106,Dhaulpur,1206516,245695,58594,20.364,4.8565,DISTRICT,Total
08,Rajasthan,08,107,Karauli,1458248,354465,324960,24.3076,22.2843,DISTRICT,Total
08,Rajasthan,08,108,Sawai Madhopur,1335551,278789,285848,20.8745,21.403,DISTRICT,Total
08,Rajasthan,08,109,Dausa,1634409,354337,433344,21.6798,26.5138,DISTRICT,Total
08,Rajasthan,08,110,Jaipur,6626178,1003302,527966,15.1415,7.9679,DISTRICT,Total
08,Rajasthan,08,111,Sikar,2677333,418806,75349,15.6427,2.8143,DISTRICT,Total
08,Rajasthan,08,112,Nagaur,3307743,699911,10418,21.1598,0.315,DISTRICT,Total
08,Rajasthan,08,113,Jodhpur,3687165,608024,118924,16.4903,3.2254,DISTRICT,Total
08,Rajasthan,08,114,Jaisalmer,669919,99134,42429,14.7979,6.3335,DISTRICT,Total
08,Rajasthan,08,115,Barmer,2603751,436414,176257,16.761,6.7693,DISTRICT,Total
08,Rajasthan,08,116,Jalor,1828730,357196,178719,19.5325,9.7728,DISTRICT,Total
08,Rajasthan,08,117,Sirohi,1036346,201863,292470,19.4783,28.2213,DISTRICT,Total
08,Rajasthan,08,118,Pali,2037573,398096,144578,19.5378,7.0956,DISTRICT,Total
08,Rajasthan,08,119,Ajmer,2583052,478027,63482,18.5063,2.4576,DISTRICT,Total
08,Rajasthan,08,120,Tonk,1421326,287903,178207,20.2559,12.5381,DISTRICT,Total
08,Rajasthan,08,121,Bundi,1110906,210788,228549,18.9744,20.5732,DISTRICT,Total
08,Rajasthan,08,122,Bhilwara,2408523,407947,229273,16.9376,9.5192,DISTRICT,Total
08,Rajasthan,08,123,Rajsamand,1156597,148168,160809,12.8107,13.9036,DISTRICT,Total
08,Rajasthan,08,124,Dungarpur,1388552,52267,983437,3.7641,70.8246,DISTRICT,Total
08,Rajasthan,08,125,Banswara,1797485,80091,1372999,4.4557,76.3844,DISTRICT,Total
08,Rajasthan,08,126,Chittaurgarh,1544338,250224,201546,16.2027,13.0506,DISTRICT,Total
08,Rajasthan,08,127,Kota,1951014,405408,183816,20.7793,9.4216,DISTRICT,Total
08,Rajasthan,08,128,Baran,1222755,221184,276857,18.089,22.6421,DISTRICT,Total
08,Rajasthan,08,129,Jhalawar,1411129,243582,182229,17.2615,12.9137,DISTRICT,Total
08,Rajasthan,08,130,Udaipur,3068420,188525,1525289,6.144,49.7093,DISTRICT,Total
08,Rajasthan,08,131,Pratapgarh,867848,60429,550427,6.9631,63.4244,DISTRICT,Total
09,Uttar Pradesh,09,132,Saharanpur,3466382,764450,980,22.0533,0.0283,DISTRICT,Total
09,Uttar Pradesh,09,133,Muzaffarnagar,4143512,561250,317,13.5453,0.0077,DISTRICT,Total
09,Uttar Pradesh,09,134,Bijnor,3682713,787444,3058,21.3822,0.083,DISTRICT,Total
09,Uttar Pradesh,09,135,Moradabad,4772006,731406,685,15.327,0.0144,DISTRICT,Total
09,Uttar Pradesh,09,136,Rampur,2335819,307936,358,13.1832,0.0153,DISTRICT,Total
09,Uttar Pradesh,09,137,Jyotiba Phule Nagar,1840221,318001,164,17.2806,0.0089,DISTRICT,Total
09,Uttar Pradesh,09,138,Meerut,3443689,624149,3390,18.1244,0.0984,DISTRICT,Total
09,Uttar Pradesh,09,139,Baghpat,1303048,149060,14,11.4393,0.0011,DISTRICT,Total
09,Uttar Pradesh,09,140,Ghaziabad,4681645,773463,3968,16.5212,0.0848,DISTRICT,Total
09,Uttar Pradesh,09,141,Gautam Buddha Nagar,1648115,216105,2215,13.1123,0.1344,DISTRICT,Total
09,Uttar Pradesh,09,142,Bulandshahr ,3499171,725600,198,20.7363,0.0057,DISTRICT,Total
09,Uttar Pradesh,09,143,Aligarh,3673889,755254,629,20.5573,0.0171,DISTRICT,Total
09,Uttar Pradesh,09,144,Mahamaya Nagar,1564708,387554,268,24.7685,0.0171,DISTRICT,Total
09,Uttar Pradesh,09,145,Mathura,2547184,506580,1520,19.8878,0.0597,DISTRICT,Total
09,Uttar Pradesh,09,146,Agra,4418797,991325,7255,22.4343,0.1642,DISTRICT,Total
09,Uttar Pradesh,09,147,Firozabad,2498156,473890,2565,18.9696,0.1027,DISTRICT,Total
09,Uttar Pradesh,09,148,Mainpuri,1868529,368206,478,19.7057,0.0256,DISTRICT,Total
09,Uttar Pradesh,09,149,Budaun,3681896,622526,58,16.9078,0.0016,DISTRICT,Total
09,Uttar Pradesh,09,150,Bareilly,4448359,557150,3227,12.5248,0.0725,DISTRICT,Total
09,Uttar Pradesh,09,151,Pilibhit,2031007,333558,1714,16.4233,0.0844,DISTRICT,Total
09,Uttar Pradesh,09,152,Shahjahanpur,3006538,532673,508,17.7172,0.0169,DISTRICT,Total
09,Uttar Pradesh,09,153,Kheri,4021243,1061782,53375,26.4043,1.3273,DISTRICT,Total
09,Uttar Pradesh,09,154,Sitapur,4483992,1446427,1602,32.2576,0.0357,DISTRICT,Total
09,Uttar Pradesh,09,155,Hardoi,4092845,1274505,349,31.1398,0.0085,DISTRICT,Total
09,Uttar Pradesh,09,156,Unnao,3108367,948588,2926,30.5172,0.0941,DISTRICT,Total
09,Uttar Pradesh,09,157,Lucknow,4589838,948294,7506,20.6607,0.1635,DISTRICT,Total
09,Uttar Pradesh,09,158,Rae Bareli,3405559,1030367,1756,30.2554,0.0516,DISTRICT,Total
09,Uttar Pradesh,09,159,Farrukhabad,1885204,312712,230,16.5877,0.0122,DISTRICT,Total
09,Uttar Pradesh,09,160,Kannauj,1656616,309980,15,18.7116,0.0009,DISTRICT,Total
09,Uttar Pradesh,09,161,Etawah,1581810,388283,169,24.5468,0.0107,DISTRICT,Total
09,Uttar Pradesh,09,162,Auraiya,1379545,391622,150,28.3878,0.0109,DISTRICT,Total
09,Uttar Pradesh,09,163,Kanpur Dehat,1796184,460544,801,25.6401,0.0446,DISTRICT,Total
09,Uttar Pradesh,09,164,Kanpur Nagar,4581268,816754,3753,17.8281,0.0819,DISTRICT,Total
09,Uttar Pradesh,09,165,Jalaun ,1689974,468178,832,27.7033,0.0492,DISTRICT,Total
09,Uttar Pradesh,09,166,Jhansi,1998603,562505,3873,28.1449,0.1938,DISTRICT,Total
09,Uttar Pradesh,09,167,Lalitpur,1221592,240519,71610,19.689,5.862,DISTRICT,Total
09,Uttar Pradesh,09,168,Hamirpur,1104285,241198,474,21.842,0.0429,DISTRICT,Total
09,Uttar Pradesh,09,169,Mahoba,875958,220898,647,25.2179,0.0739,DISTRICT,Total
09,Uttar Pradesh,09,170,Banda,1799410,387855,163,21.5546,0.0091,DISTRICT,Total
09,Uttar Pradesh,09,171,Chitrakoot,991730,266655,366,26.8879,0.0369,DISTRICT,Total
09,Uttar Pradesh,09,172,Fatehpur,2632733,651480,340,24.7454,0.0129,DISTRICT,Total
09,Uttar Pradesh,09,173,Pratapgarh,3209141,709252,723,22.101,0.0225,DISTRICT,Total
09,Uttar Pradesh,09,174,Kaushambi,1599596,555397,193,34.7211,0.0121,DISTRICT,Total
09,Uttar Pradesh,09,175,Allahabad ,5954391,1309851,7955,21.9981,0.1336,DISTRICT,Total
09,Uttar Pradesh,09,176,Bara Banki,3260699,864559,610,26.5145,0.0187,DISTRICT,Total
09,Uttar Pradesh,09,177,Faizabad,2470996,555047,931,22.4625,0.0377,DISTRICT,Total
09,Uttar Pradesh,09,178,Ambedkar Nagar,2397888,591125,746,24.6519,0.0311,DISTRICT,Total
09,Uttar Pradesh,09,179,Sultanpur,3797117,851587,696,22.4272,0.0183,DISTRICT,Total
09,Uttar Pradesh,09,180,Bahraich,3487731,509307,11159,14.6028,0.32,DISTRICT,Total
09,Uttar Pradesh,09,181,Shrawasti,1117361,189334,5534,16.9447,0.4953,DISTRICT,Total
09,Uttar Pradesh,09,182,Balrampur,2148665,277212,24887,12.9016,1.1583,DISTRICT,Total
09,Uttar Pradesh,09,183,Gonda,3433919,531973,870,15.4917,0.0253,DISTRICT,Total
09,Uttar Pradesh,09,184,Siddharthnagar,2559297,408763,12021,15.9717,0.4697,DISTRICT,Total
09,Uttar Pradesh,09,185,Basti,2464464,513959,3620,20.8548,0.1469,DISTRICT,Total
09,Uttar Pradesh,09,186,Sant Kabir Nagar,1715183,369039,1593,21.516,0.0929,DISTRICT,Total
09,Uttar Pradesh,09,187,Mahrajganj,2684703,492976,16435,18.3624,0.6122,DISTRICT,Total
09,Uttar Pradesh,09,188,Gorakhpur,4440895,936061,18172,21.0782,0.4092,DISTRICT,Total
09,Uttar Pradesh,09,189,Kushinagar,3564544,544231,80269,15.2679,2.2519,DISTRICT,Total
09,Uttar Pradesh,09,190,Deoria,3100946,468663,109894,15.1135,3.5439,DISTRICT,Total
09,Uttar Pradesh,09,191,Azamgarh,4613913,1171378,9327,25.388,0.2021,DISTRICT,Total
09,Uttar Pradesh,09,192,Mau,2205968,474537,22915,21.5115,1.0388,DISTRICT,Total
09,Uttar Pradesh,09,193,Ballia,3239774,494698,110114,15.2695,3.3988,DISTRICT,Total
09,Uttar Pradesh,09,194,Jaunpur,4494204,990345,4736,22.036,0.1054,DISTRICT,Total
09,Uttar Pradesh,09,195,Ghazipur,3620268,726641,28712,20.0715,0.7931,DISTRICT,Total
09,Uttar Pradesh,09,196,Chandauli,1952756,446786,41725,22.8798,2.1367,DISTRICT,Total
09,Uttar Pradesh,09,197,Varanasi,3676841,486958,28617,13.2439,0.7783,DISTRICT,Total
09,Uttar Pradesh,09,198,Sant Ravidas Nagar (Bhadohi),1578213,353103,1873,22.3736,0.1187,DISTRICT,Total
09,Uttar Pradesh,09,199,Mirzapur,2496970,661129,20132,26.4773,0.8063,DISTRICT,Total
09,Uttar Pradesh,09,200,Sonbhadra,1862559,421661,385018,22.6388,20.6715,DISTRICT,Total
09,Uttar Pradesh,09,201,Etah,1774480,281011,140,15.8362,0.0079,DISTRICT,Total
09,Uttar Pradesh,09,202,Kanshiram Nagar,1436719,254299,150,17.7,0.0104,DISTRICT,Total
10,Bihar,10,203,Pashchim Champaran,3935042,553944,250046,14.0772,6.3543,DISTRICT,Total
10,Bihar,10,204,Purba Champaran,5099371,649726,12461,12.7413,0.2444,DISTRICT,Total
10,Bihar,10,205,Sheohar,656246,96655,318,14.7285,0.0485,DISTRICT,Total
10,Bihar,10,206,Sitamarhi,3423574,405714,2989,11.8506,0.0873,DISTRICT,Total
10,Bihar,10,207,Madhubani,4487379,587158,3990,13.0847,0.0889,DISTRICT,Total
10,Bihar,10,208,Supaul,2229076,354249,10168,15.8922,0.4562,DISTRICT,Total
10,Bihar,10,209,Araria,2811569,382654,38848,13.61,1.3817,DISTRICT,Total
10,Bihar,10,210,Kishanganj,1690400,113118,64224,6.6918,3.7993,DISTRICT,Total
10,Bihar,10,211,Purnia,3264619,390991,139490,11.9766,4.2728,DISTRICT,Total
10,Bihar,10,212,Katihar,3071029,263100,179971,8.5672,5.8603,DISTRICT,Total
10,Bihar,10,213,Madhepura,2001762,346275,12532,17.2985,0.626,DISTRICT,Total
10,Bihar,10,214,Saharsa,1900661,317249,6009,16.6915,0.3162,DISTRICT,Total
10,Bihar,10,215,Darbhanga,3937385,615688,2772,15.637,0.0704,DISTRICT,Total
10,Bihar,10,216,Muzaffarpur,4801062,751975,5979,15.6627,0.1245,DISTRICT,Total
10,Bihar,10,217,Gopalganj,2562012,320064,60807,12.4927,2.3734,DISTRICT,Total
10,Bihar,10,218,Siwan,3330464,386685,87000,11.6105,2.6122,DISTRICT,Total
10,Bihar,10,219,Saran,3951862,474066,36786,11.996,0.9309,DISTRICT,Total
10,Bihar,10,220,Vaishali,3495021,738031,2274,21.1166,0.0651,DISTRICT,Total
10,Bihar,10,221,Samastipur,4261566,803128,1884,18.8458,0.0442,DISTRICT,Total
10,Bihar,10,222,Begusarai,2970541,432270,1597,14.5519,0.0538,DISTRICT,Total
10,Bihar,10,223,Khagaria,1666886,247161,675,14.8277,0.0405,DISTRICT,Total
10,Bihar,10,224,Bhagalpur,3037766,318569,67180,10.4869,2.2115,DISTRICT,Total
10,Bihar,10,225,Banka,2034763,247858,90432,12.1812,4.4444,DISTRICT,Total
10,Bihar,10,226,Munger,1367765,183846,21404,13.4413,1.5649,DISTRICT,Total
10,Bihar,10,227,Lakhisarai,1000912,153209,8333,15.3069,0.8325,DISTRICT,Total
10,Bihar,10,228,Sheikhpura,636342,131115,617,20.6045,0.097,DISTRICT,Total
10,Bihar,10,229,Nalanda,2877653,607672,1442,21.1169,0.0501,DISTRICT,Total
10,Bihar,10,230,Patna,5838465,920918,9069,15.7733,0.1553,DISTRICT,Total
10,Bihar,10,231,Bhojpur,2728407,425402,13977,15.5916,0.5123,DISTRICT,Total
10,Bihar,10,232,Buxar,1706352,251737,26824,14.7529,1.572,DISTRICT,Total
10,Bihar,10,233,Kaimur (Bhabua),1626384,369088,57981,22.6938,3.565,DISTRICT,Total
10,Bihar,10,234,Rohtas,2959918,549546,31650,18.5663,1.0693,DISTRICT,Total
10,Bihar,10,235,Aurangabad,2540073,612064,1033,24.0963,0.0407,DISTRICT,Total
10,Bihar,10,236,Gaya,4391418,1334351,3098,30.3854,0.0705,DISTRICT,Total
10,Bihar,10,237,Nawada,2219146,565112,2045,25.4653,0.0922,DISTRICT,Total
10,Bihar,10,238,Jamui,1760405,302649,78793,17.192,4.4758,DISTRICT,Total
10,Bihar,10,239,Jehanabad ,1125313,222974,1285,19.8144,0.1142,DISTRICT,Total
10,Bihar,10,240,Arwal,700843,141314,590,20.1634,0.0842,DISTRICT,Total
11,Sikkim,11,241,North  District,43709,982,28715,2.2467,65.6959,DISTRICT,Total
11,Sikkim,11,242,West District,136435,5935,57817,4.3501,42.377,DISTRICT,Total
11,Sikkim,11,243,South District,146850,6053,41392,4.1219,28.1866,DISTRICT,Total
11,Sikkim,11,244,East District,283583,15305,78436,5.397,27.6589,DISTRICT,Total
12,Arunachal Pradesh,12,245,Tawang,49977,0,34811,0,69.654,DISTRICT,Total
12,Arunachal Pradesh,12,246,West Kameng,83947,0,46380,0,55.2491,DISTRICT,Total
12,Arunachal Pradesh,12,247,East Kameng,78690,0,72400,0,92.0066,DISTRICT,Total
12,Arunachal Pradesh,12,248,Papum Pare,176573,0,117216,0,66.3839,DISTRICT,Total
12,Arunachal Pradesh,12,249,Upper Subansiri,83448,0,78323,0,93.8585,DISTRICT,Total
12,Arunachal Pradesh,12,250,West Siang,112274,0,92783,0,82.6398,DISTRICT,Total
12,Arunachal Pradesh,12,251,East Siang,99214,0,69979,0,70.5334,DISTRICT,Total
12,Arunachal Pradesh,12,252,Upper Siang,35320,0,28468,0,80.6002,DISTRICT,Total
12,Arunachal Pradesh,12,253,Changlang,148226,0,53878,0,36.3485,DISTRICT,Total
12,Arunachal Pradesh,12,254,Tirap,111975,0,98372,0,87.8518,DISTRICT,Total
12,Arunachal Pradesh,12,255,Lower Subansiri,83030,0,72911,0,87.8128,DISTRICT,Total
12,Arunachal Pradesh,12,256,Kurung Kumey,92076,0,90764,0,98.5751,DISTRICT,Total
12,Arunachal Pradesh,12,257,Dibang Valley,8004,0,5701,0,71.2269,DISTRICT,Total
12,Arunachal Pradesh,12,258,Lower Dibang Valley,54080,0,25974,0,48.0288,DISTRICT,Total
12,Arunachal Pradesh,12,259,Lohit,145726,0,47410,0,32.5337,DISTRICT,Total
12,Arunachal Pradesh,12,260,Anjaw,21167,0,16451,0,77.72,DISTRICT,Total
13,Nagaland,13,261,Mon,250260,0,238285,0,95.215,DISTRICT,Total
13,Nagaland,13,262,Mokokchung,194622,0,178431,0,91.6808,DISTRICT,Total
13,Nagaland,13,263,Zunheboto,140757,0,136561,0,97.019,DISTRICT,Total
13,Nagaland,13,264,Wokha,166343,0,156621,0,94.1554,DISTRICT,Total
13,Nagaland,13,265,Dimapur ,378811,0,223989,0,59.1295,DISTRICT,Total
13,Nagaland,13,266,Phek,163418,0,157146,0,96.162,DISTRICT,Total
13,Nagaland,13,267,Tuensang,196596,0,190916,0,97.1108,DISTRICT,Total
13,Nagaland,13,268,Longleng,50484,0,48615,0,96.2978,DISTRICT,Total
13,Nagaland,13,269,Kiphire,74004,0,71429,0,96.5205,DISTRICT,Total
13,Nagaland,13,270,Kohima,267988,0,224738,0,83.8612,DISTRICT,Total
13,Nagaland,13,271,Peren,95219,0,84242,0,88.4718,DISTRICT,Total
14,Manipur,14,272,Senapati,479148,1000,419210,0.2087,87.4907,DISTRICT,Total
14,Manipur,14,273,Tamenglong ,140651,22,134626,0.0156,95.7163,DISTRICT,Total
14,Manipur,14,274,Churachandpur,274143,443,254787,0.1616,92.9395,DISTRICT,Total
14,Manipur,14,275,Bishnupur,237399,22113,3287,9.3147,1.3846,DISTRICT,Total
14,Manipur,14,276,Thoubal,422168,40593,1808,9.6154,0.4283,DISTRICT,Total
14,Manipur,14,277,Imphal West,517992,16530,24161,3.1912,4.6644,DISTRICT,Total
14,Manipur,14,278,Imphal East,456113,15839,27657,3.4726,6.0636,DISTRICT,Total
14,Manipur,14,279,Ukhrul,183998,248,173606,0.1348,94.3521,DISTRICT,Total
14,Manipur,14,280,Chandel,144182,540,128280,0.3745,88.9709,DISTRICT,Total
15,Mizoram,15,281,Mamit,86364,51,82080,0.0591,95.0396,DISTRICT,Total
15,Mizoram,15,282,Kolasib,83955,84,73609,0.1001,87.6767,DISTRICT,Total
15,Mizoram,15,283,Aizawl,400309,627,373542,0.1566,93.3134,DISTRICT,Total
15,Mizoram,15,284,Champhai,125745,17,123466,0.0135,98.1876,DISTRICT,Total
15,Mizoram,15,285,Serchhip,64937,32,62889,0.0493,96.8462,DISTRICT,Total
15,Mizoram,15,286,Lunglei,161428,178,153533,0.1103,95.1093,DISTRICT,Total
15,Mizoram,15,287,Lawngtlai,117894,146,112354,0.1238,95.3009,DISTRICT,Total
15,Mizoram,15,288,Saiha,56574,83,54642,0.1467,96.585,DISTRICT,Total
16,Tripura,16,289,West Tripura ,1725739,338094,431944,19.5913,25.0295,DISTRICT,Total
16,Tripura,16,290,South Tripura ,876001,140168,344835,16.0009,39.3647,DISTRICT,Total
16,Tripura,16,291,Dhalai,378230,61688,210608,16.3097,55.6825,DISTRICT,Total
16,Tripura,16,292,North Tripura,693947,114968,179426,16.5673,25.8559,DISTRICT,Total
17,Meghalaya,17,293,West Garo Hills,643291,8810,474009,1.3695,73.685,DISTRICT,Total
17,Meghalaya,17,294,East Garo Hills,317917,509,305180,0.1601,95.9936,DISTRICT,Total
17,Meghalaya,17,295,South Garo Hills,142334,319,134237,0.2241,94.3113,DISTRICT,Total
17,Meghalaya,17,296,West Khasi Hills,383461,168,375097,0.0438,97.8188,DISTRICT,Total
17,Meghalaya,17,297,Ribhoi,258840,590,230081,0.2279,88.8893,DISTRICT,Total
17,Meghalaya,17,298,East Khasi Hills,825922,5642,661158,0.6831,80.0509,DISTRICT,Total
17,Meghalaya,17,299,Jaintia Hills,395124,1317,376099,0.3333,95.1851,DISTRICT,Total
18,Assam,18,300,Kokrajhar,887142,29570,278665,3.3332,31.4115,DISTRICT,Total
18,Assam,18,301,Dhubri,1949258,70395,6332,3.6114,0.3248,DISTRICT,Total
18,Assam,18,302,Goalpara,1008183,45094,231570,4.4728,22.969,DISTRICT,Total
18,Assam,18,303,Barpeta,1693622,95320,27344,5.6282,1.6145,DISTRICT,Total
18,Assam,18,304,Morigaon,957423,117841,136777,12.3081,14.286,DISTRICT,Total
18,Assam,18,305,Nagaon,2823768,266350,115153,9.4324,4.078,DISTRICT,Total
18,Assam,18,306,Sonitpur,1924110,109130,232207,5.6717,12.0683,DISTRICT,Total
18,Assam,18,307,Lakhimpur,1042137,81840,249426,7.8531,23.9341,DISTRICT,Total
18,Assam,18,308,Dhemaji,686133,44225,325560,6.4455,47.4485,DISTRICT,Total
18,Assam,18,309,Tinsukia,1327929,37688,82066,2.8381,6.18,DISTRICT,Total
18,Assam,18,310,Dibrugarh,1326335,58876,102871,4.439,7.756,DISTRICT,Total
18,Assam,18,311,Sivasagar,1151050,42347,49039,3.679,4.2604,DISTRICT,Total
18,Assam,18,312,Jorhat,1092256,88665,139971,8.1176,12.8149,DISTRICT,Total
18,Assam,18,313,Golaghat,1066888,62298,111765,5.8392,10.4758,DISTRICT,Total
18,Assam,18,314,Karbi Anglong,956313,44961,538738,4.7015,56.3349,DISTRICT,Total
18,Assam,18,315,Dima Hasao,214102,4337,151843,2.0257,70.9209,DISTRICT,Total
18,Assam,18,316,Cachar,1736617,264897,17569,15.2536,1.0117,DISTRICT,Total
18,Assam,18,317,Karimganj,1228686,157890,1940,12.8503,0.1579,DISTRICT,Total
18,Assam,18,318,Hailakandi,659296,70659,691,10.7173,0.1048,DISTRICT,Total
18,Assam,18,319,Bongaigaon,738804,82784,18835,11.2051,2.5494,DISTRICT,Total
18,Assam,18,320,Chirang,482162,35135,178688,7.287,37.0597,DISTRICT,Total
18,Assam,18,321,Kamrup,1517542,107827,182038,7.1054,11.9956,DISTRICT,Total
18,Assam,18,322,Kamrup Metropolitan,1253938,101789,75121,8.1175,5.9908,DISTRICT,Total
18,Assam,18,323,Nalbari,771639,60216,23364,7.8036,3.0278,DISTRICT,Total
18,Assam,18,324,Baksa,950075,73083,331007,7.6923,34.8401,DISTRICT,Total
18,Assam,18,325,Darrang,928500,40260,8419,4.336,0.9067,DISTRICT,Total
18,Assam,18,326,Udalguri,831668,37844,267372,4.5504,32.1489,DISTRICT,Total
19,West Bengal,19,327,Darjiling ,1846823,317275,397389,17.1795,21.5174,DISTRICT,Total
19,West Bengal,19,328,Jalpaiguri ,3872846,1458278,731704,37.6539,18.8932,DISTRICT,Total
19,West Bengal,19,329,Koch Bihar ,2819086,1414336,18125,50.17,0.6429,DISTRICT,Total
19,West Bengal,19,330,Uttar Dinajpur,3007134,807950,162816,26.8678,5.4143,DISTRICT,Total
19,West Bengal,19,331,Dakshin Dinajpur,1676276,482754,275366,28.7992,16.4272,DISTRICT,Total
19,West Bengal,19,332,Maldah ,3988845,835430,313984,20.9442,7.8716,DISTRICT,Total
19,West Bengal,19,333,Murshidabad ,7103807,897534,91035,12.6345,1.2815,DISTRICT,Total
19,West Bengal,19,334,Birbhum,3502404,1033140,242484,29.498,6.9234,DISTRICT,Total
19,West Bengal,19,335,Barddhaman ,7717563,2115719,489447,27.4143,6.342,DISTRICT,Total
19,West Bengal,19,336,Nadia ,5167600,1546917,140700,29.9349,2.7227,DISTRICT,Total
19,West Bengal,19,337,North Twenty Four Parganas,10009781,2169084,264597,21.6696,2.6434,DISTRICT,Total
19,West Bengal,19,338,Hugli ,5519145,1344021,229243,24.352,4.1536,DISTRICT,Total
19,West Bengal,19,339,Bankura ,3596674,1174447,368690,32.6537,10.2509,DISTRICT,Total
19,West Bengal,19,340,Puruliya,2930115,567767,540652,19.377,18.4516,DISTRICT,Total
19,West Bengal,19,341,Haora ,4850029,718951,15094,14.8236,0.3112,DISTRICT,Total
19,West Bengal,19,342,Kolkata,4496694,241932,10684,5.3802,0.2376,DISTRICT,Total
19,West Bengal,19,343,South Twenty Four Parganas,8161961,2464032,96976,30.1892,1.1881,DISTRICT,Total
19,West Bengal,19,344,Paschim Medinipur,5913457,1128269,880015,19.0797,14.8816,DISTRICT,Total
19,West Bengal,19,345,Purba Medinipur,5095875,745434,27952,14.6282,0.5485,DISTRICT,Total
20,Jharkhand,20,346,Garhwa ,1322784,319946,205874,24.1873,15.5637,DISTRICT,Total
20,Jharkhand,20,347,Chatra,1042886,340553,45563,32.6549,4.3689,DISTRICT,Total
20,Jharkhand,20,348,Kodarma,716259,109003,6903,15.2184,0.9638,DISTRICT,Total
20,Jharkhand,20,349,Giridih,2445474,325493,238188,13.31,9.74,DISTRICT,Total
20,Jharkhand,20,350,Deoghar,1492073,190036,180962,12.7364,12.1282,DISTRICT,Total
20,Jharkhand,20,351,Godda,1313551,115567,279208,8.7981,21.256,DISTRICT,Total
20,Jharkhand,20,352,Sahibganj,1150567,72341,308343,6.2874,26.7992,DISTRICT,Total
20,Jharkhand,20,353,Pakur,900422,28469,379054,3.1617,42.0974,DISTRICT,Total
20,Jharkhand,20,354,Dhanbad,2684487,437309,233119,16.2902,8.6839,DISTRICT,Total
20,Jharkhand,20,355,Bokaro,2062330,299227,255626,14.5092,12.395,DISTRICT,Total
20,Jharkhand,20,356,Lohardaga,461790,15330,262734,3.3197,56.8947,DISTRICT,Total
20,Jharkhand,20,357,Purbi Singhbhum,2293919,111414,653923,4.8569,28.5068,DISTRICT,Total
20,Jharkhand,20,358,Palamu,1939869,536382,181208,27.6504,9.3412,DISTRICT,Total
20,Jharkhand,20,359,Latehar,726978,154910,331096,21.3088,45.5442,DISTRICT,Total
20,Jharkhand,20,360,Hazaribagh,1734495,303515,121768,17.4988,7.0204,DISTRICT,Total
20,Jharkhand,20,361,Ramgarh,949443,106356,201166,11.2019,21.1878,DISTRICT,Total
20,Jharkhand,20,362,Dumka,1321442,79614,571077,6.0248,43.2162,DISTRICT,Total
20,Jharkhand,20,363,Jamtara,791042,72885,240489,9.2138,30.4015,DISTRICT,Total
20,Jharkhand,20,364,Ranchi,2914253,152943,1042016,5.2481,35.7559,DISTRICT,Total
20,Jharkhand,20,365,Khunti,531885,24037,389626,4.5192,73.2538,DISTRICT,Total
20,Jharkhand,20,366,Gumla,1025213,32459,706754,3.1661,68.9373,DISTRICT,Total
20,Jharkhand,20,367,Simdega,599578,44674,424407,7.4509,70.7843,DISTRICT,Total
20,Jharkhand,20,368,Pashchimi Singhbhum,1502338,56986,1011296,3.7932,67.3148,DISTRICT,Total
20,Jharkhand,20,369,Saraikela-Kharsawan,1065056,56195,374642,5.2762,35.1758,DISTRICT,Total
21,Odisha,21,370,Bargarh,1481255,298780,281135,20.1707,18.9795,DISTRICT,Total
21,Odisha,21,371,Jharsuguda,579505,104620,176758,18.0533,30.5015,DISTRICT,Total
21,Odisha,21,372,Sambalpur,1041099,191827,355261,18.4254,34.1237,DISTRICT,Total
21,Odisha,21,373,Debagarh,312520,52112,110400,16.6748,35.3257,DISTRICT,Total
21,Odisha,21,374,Sundargarh,2093437,191660,1062349,9.1553,50.7466,DISTRICT,Total
21,Odisha,21,375,Kendujhar,1801733,209357,818878,11.6198,45.4495,DISTRICT,Total
21,Odisha,21,376,Mayurbhanj,2519738,184682,1479576,7.3294,58.7194,DISTRICT,Total
21,Odisha,21,377,Baleshwar,2320529,478586,275678,20.624,11.88,DISTRICT,Total
21,Odisha,21,378,Bhadrak,1506337,334896,30428,22.2325,2.02,DISTRICT,Total
21,Odisha,21,379,Kendrapara ,1440361,309780,9484,21.5071,0.6584,DISTRICT,Total
21,Odisha,21,380,Jagatsinghapur ,1136971,248152,7862,21.8257,0.6915,DISTRICT,Total
21,Odisha,21,381,Cuttack,2624470,498633,93745,18.9994,3.572,DISTRICT,Total
21,Odisha,21,382,Jajapur  ,1827192,433387,151432,23.7187,8.2877,DISTRICT,Total
21,Odisha,21,383,Dhenkanal,1192811,234079,162056,19.6241,13.5861,DISTRICT,Total
21,Odisha,21,384,Anugul  ,1273821,239552,179603,18.8058,14.0995,DISTRICT,Total
21,Odisha,21,385,Nayagarh  ,962789,136399,58691,14.1671,6.0959,DISTRICT,Total
21,Odisha,21,386,Khordha ,2251673,297472,115051,13.2112,5.1096,DISTRICT,Total
21,Odisha,21,387,Puri,1698730,325133,6129,19.1398,0.3608,DISTRICT,Total
21,Odisha,21,388,Ganjam,3529031,688235,118928,19.5021,3.37,DISTRICT,Total
21,Odisha,21,389,Gajapati,577817,39175,313714,6.7798,54.293,DISTRICT,Total
21,Odisha,21,390,Kandhamal,733110,115544,392820,15.7608,53.5827,DISTRICT,Total
21,Odisha,21,391,Baudh,441162,104934,55364,23.7858,12.5496,DISTRICT,Total
21,Odisha,21,392,Subarnapur,610183,156219,57192,25.602,9.3729,DISTRICT,Total
21,Odisha,21,393,Balangir,1648997,294777,347164,17.8761,21.053,DISTRICT,Total
21,Odisha,21,394,Nuapada,610382,82159,206327,13.4603,33.8029,DISTRICT,Total
21,Odisha,21,395,Kalahandi,1576869,286580,449456,18.174,28.5031,DISTRICT,Total
21,Odisha,21,396,Rayagada  ,967911,139514,541905,14.4139,55.9871,DISTRICT,Total
21,Odisha,21,397,Nabarangapur ,1220946,177384,681173,14.5284,55.7906,DISTRICT,Total
21,Odisha,21,398,Koraput,1379647,196540,697583,14.2457,50.5624,DISTRICT,Total
21,Odisha,21,399,Malkangiri  ,613192,138295,354614,22.5533,57.8308,DISTRICT,Total
22,Chhattisgarh,22,400,Koriya,658917,54776,304280,8.313,46.1788,DISTRICT,Total
22,Chhattisgarh,22,401,Surguja,2359886,115652,1300628,4.9007,55.114,DISTRICT,Total
22,Chhattisgarh,22,402,Jashpur ,851669,48844,530378,5.7351,62.2751,DISTRICT,Total
22,Chhattisgarh,22,403,Raigarh,1493984,224942,505609,15.0565,33.843,DISTRICT,Total
22,Chhattisgarh,22,404,Korba ,1206640,124679,493559,10.3327,40.9036,DISTRICT,Total
22,Chhattisgarh,22,405,Janjgir - Champa,1619707,397908,187196,24.5667,11.5574,DISTRICT,Total
22,Chhattisgarh,22,406,Bilaspur,2663629,552992,498469,20.7608,18.7139,DISTRICT,Total
22,Chhattisgarh,22,407,Kabeerdham,822526,119798,167043,14.5646,20.3085,DISTRICT,Total
22,Chhattisgarh,22,408,Rajnandgaon,1537133,156623,405194,10.1893,26.3604,DISTRICT,Total
22,Chhattisgarh,22,409,Durg,3343872,458040,397416,13.6979,11.8849,DISTRICT,Total
22,Chhattisgarh,22,410,Raipur,4063872,724250,476446,17.8217,11.7239,DISTRICT,Total
22,Chhattisgarh,22,411,Mahasamund,1032754,139581,279896,13.5154,27.1019,DISTRICT,Total
22,Chhattisgarh,22,412,Dhamtari ,799781,58581,207633,7.3246,25.9612,DISTRICT,Total
22,Chhattisgarh,22,413,Uttar Bastar Kanker,748941,31543,414770,4.2117,55.3809,DISTRICT,Total
22,Chhattisgarh,22,414,Bastar,1413199,37963,931780,2.6863,65.9341,DISTRICT,Total
22,Chhattisgarh,22,415,Narayanpur,139820,4979,108161,3.561,77.3573,DISTRICT,Total
22,Chhattisgarh,22,416,Dakshin Bastar Dantewada,533638,12996,410255,2.4354,76.8789,DISTRICT,Total
22,Chhattisgarh,22,417,Bijapur,255230,10122,204189,3.9658,80.002,DISTRICT,Total
23,Madhya Pradesh,23,418,Sheopur ,687861,108391,161448,15.7577,23.471,DISTRICT,Total
23,Madhya Pradesh,23,419,Morena,1965970,421519,17030,21.4408,0.8662,DISTRICT,Total
23,Madhya Pradesh,23,420,Bhind,1703005,374799,6131,22.0081,0.36,DISTRICT,Total
23,Madhya Pradesh,23,421,Gwalior,2032036,393068,72133,19.3436,3.5498,DISTRICT,Total
23,Madhya Pradesh,23,422,Datia,786754,200270,15061,25.4552,1.9143,DISTRICT,Total
23,Madhya Pradesh,23,423,Shivpuri,1726050,321515,227802,18.6272,13.1979,DISTRICT,Total
23,Madhya Pradesh,23,424,Tikamgarh,1445166,361604,67857,25.0216,4.6954,DISTRICT,Total
23,Madhya Pradesh,23,425,Chhatarpur,1762375,405313,73597,22.9981,4.176,DISTRICT,Total
23,Madhya Pradesh,23,426,Panna,1016520,207990,170879,20.461,16.8102,DISTRICT,Total
23,Madhya Pradesh,23,427,Sagar,2378458,501630,221936,21.0906,9.3311,DISTRICT,Total
23,Madhya Pradesh,23,428,Damoh,1264219,246337,166295,19.4853,13.154,DISTRICT,Total
23,Madhya Pradesh,23,429,Satna,2228935,398569,319975,17.8816,14.3555,DISTRICT,Total
23,Madhya Pradesh,23,430,Rewa,2365106,383508,311985,16.2153,13.1912,DISTRICT,Total
23,Madhya Pradesh,23,431,Umaria,644758,58147,300687,9.0184,46.6356,DISTRICT,Total
23,Madhya Pradesh,23,432,Neemuch ,826067,111162,71441,13.4568,8.6483,DISTRICT,Total
23,Madhya Pradesh,23,433,Mandsaur,1340411,249024,33092,18.5782,2.4688,DISTRICT,Total
23,Madhya Pradesh,23,434,Ratlam,1455069,198612,409865,13.6497,28.1681,DISTRICT,Total
23,Madhya Pradesh,23,435,Ujjain,1986864,523869,48730,26.3666,2.4526,DISTRICT,Total
23,Madhya Pradesh,23,436,Shajapur,1512681,353914,37836,23.3965,2.5013,DISTRICT,Total
23,Madhya Pradesh,23,437,Dewas,1563715,292007,272701,18.6739,17.4393,DISTRICT,Total
23,Madhya Pradesh,23,438,Dhar,2185793,145436,1222814,6.6537,55.9437,DISTRICT,Total
23,Madhya Pradesh,23,439,Indore,3276697,545239,217679,16.6399,6.6432,DISTRICT,Total
23,Madhya Pradesh,23,440,Khargone (West Nimar),1873046,209091,730169,11.1632,38.983,DISTRICT,Total
23,Madhya Pradesh,23,441,Barwani ,1385881,87991,962145,6.3491,69.4248,DISTRICT,Total
23,Madhya Pradesh,23,442,Rajgarh,1545814,295718,53751,19.1302,3.4772,DISTRICT,Total
23,Madhya Pradesh,23,443,Vidisha,1458875,292144,67603,20.0253,4.6339,DISTRICT,Total
23,Madhya Pradesh,23,444,Bhopal,2371061,357516,69429,15.0783,2.9282,DISTRICT,Total
23,Madhya Pradesh,23,445,Sehore,1311332,271281,145512,20.6874,11.0965,DISTRICT,Total
23,Madhya Pradesh,23,446,Raisen,1331597,225891,205006,16.9639,15.3955,DISTRICT,Total
23,Madhya Pradesh,23,447,Betul,1575362,159296,667018,10.1117,42.3406,DISTRICT,Total
23,Madhya Pradesh,23,448,Harda ,570465,92865,159678,16.2788,27.9908,DISTRICT,Total
23,Madhya Pradesh,23,449,Hoshangabad,1241350,205007,197300,16.5148,15.894,DISTRICT,Total
23,Madhya Pradesh,23,450,Katni ,1292042,155717,317699,12.052,24.5889,DISTRICT,Total
23,Madhya Pradesh,23,451,Jabalpur,2463289,348029,375231,14.1286,15.2329,DISTRICT,Total
23,Madhya Pradesh,23,452,Narsimhapur,1091854,184155,145879,16.8663,13.3607,DISTRICT,Total
23,Madhya Pradesh,23,453,Dindori ,704524,39782,455789,5.6466,64.6946,DISTRICT,Total
23,Madhya Pradesh,23,454,Mandla,1054905,48425,610528,4.5905,57.8752,DISTRICT,Total
23,Madhya Pradesh,23,455,Chhindwara,2090922,232244,769778,11.1073,36.8152,DISTRICT,Total
23,Madhya Pradesh,23,456,Seoni,1379131,130797,519856,9.484,37.6945,DISTRICT,Total
23,Madhya Pradesh,23,457,Balaghat,1701698,125426,383026,7.3706,22.5085,DISTRICT,Total
23,Madhya Pradesh,23,458,Guna,1241519,193115,190819,15.5547,15.3698,DISTRICT,Total
23,Madhya Pradesh,23,459,Ashoknagar,845071,175764,82072,20.7987,9.7118,DISTRICT,Total
23,Madhya Pradesh,23,460,Shahdol,1066063,89733,476008,8.4172,44.651,DISTRICT,Total
23,Madhya Pradesh,23,461,Anuppur,749237,74385,358543,9.9281,47.8544,DISTRICT,Total
23,Madhya Pradesh,23,462,Sidhi,1127033,130202,313304,11.5526,27.799,DISTRICT,Total
23,Madhya Pradesh,23,463,Singrauli,1178273,150664,383994,12.7868,32.5896,DISTRICT,Total
23,Madhya Pradesh,23,464,Jhabua,1025048,17427,891818,1.7001,87.0026,DISTRICT,Total
23,Madhya Pradesh,23,465,Alirajpur,728999,26877,648638,3.6868,88.9765,DISTRICT,Total
23,Madhya Pradesh,23,466,Khandwa (East Nimar),1310061,156601,459122,11.9537,35.0458,DISTRICT,Total
23,Madhya Pradesh,23,467,Burhanpur,757847,64254,230095,8.4785,30.3617,DISTRICT,Total
24,Gujarat,24,468,Kachchh,2092371,258859,24228,12.3716,1.1579,DISTRICT,Total
24,Gujarat,24,469,Banas Kantha,3120506,327460,284155,10.4938,9.1061,DISTRICT,Total
24,Gujarat,24,470,Patan  ,1343734,123408,13303,9.184,0.99,DISTRICT,Total
24,Gujarat,24,471,Mahesana,2035064,162288,9392,7.9746,0.4615,DISTRICT,Total
24,Gujarat,24,472,Sabar Kantha,2428589,187685,542156,7.7281,22.3239,DISTRICT,Total
24,Gujarat,24,473,Gandhinagar,1391753,108608,18204,7.8037,1.308,DISTRICT,Total
24,Gujarat,24,474,Ahmadabad,7214225,759483,89138,10.5276,1.2356,DISTRICT,Total
24,Gujarat,24,475,Surendranagar,1756268,179461,21453,10.2183,1.2215,DISTRICT,Total
24,Gujarat,24,476,Rajkot,3804558,290169,24017,7.6269,0.6313,DISTRICT,Total
24,Gujarat,24,477,Jamnagar,2160119,173895,24187,8.0503,1.1197,DISTRICT,Total
24,Gujarat,24,478,Porbandar ,585449,51830,13039,8.853,2.2272,DISTRICT,Total
24,Gujarat,24,479,Junagadh,2743082,265793,55571,9.6896,2.0259,DISTRICT,Total
24,Gujarat,24,480,Amreli,1514190,132915,7322,8.778,0.4836,DISTRICT,Total
24,Gujarat,24,481,Bhavnagar,2880365,157034,9110,5.4519,0.3163,DISTRICT,Total
24,Gujarat,24,482,Anand  ,2092745,104465,24824,4.9918,1.1862,DISTRICT,Total
24,Gujarat,24,483,Kheda,2299885,115631,40336,5.0277,1.7538,DISTRICT,Total
24,Gujarat,24,484,Panch Mahals,2390776,100446,721604,4.2014,30.1828,DISTRICT,Total
24,Gujarat,24,485,Dohad  ,2127086,41444,1580850,1.9484,74.32,DISTRICT,Total
24,Gujarat,24,486,Vadodara,4165626,221629,1149901,5.3204,27.6045,DISTRICT,Total
24,Gujarat,24,487,Narmada,590297,8733,481392,1.4794,81.5508,DISTRICT,Total
24,Gujarat,24,488,Bharuch,1551019,62235,488194,4.0125,31.4757,DISTRICT,Total
24,Gujarat,24,489,The Dangs,228291,992,216073,0.4345,94.6481,DISTRICT,Total
24,Gujarat,24,490,Navsari  ,1329672,35464,639659,2.6671,48.1065,DISTRICT,Total
24,Gujarat,24,491,Valsad,1705678,38237,902794,2.2417,52.9287,DISTRICT,Total
24,Gujarat,24,492,Surat,6081322,158115,856952,2.6,14.0915,DISTRICT,Total
24,Gujarat,24,493,Tapi,807022,8168,679320,1.0121,84.1761,DISTRICT,Total
25,Daman and Diu,25,494,Diu,52074,1862,123,3.5757,0.2362,DISTRICT,Total
25,Daman and Diu,25,495,Daman,191173,4262,15240,2.2294,7.9718,DISTRICT,Total
26,Dadra and Nagar Haveli,26,496,Dadra & Nagar Haveli,343709,6186,178564,1.7998,51.9521,DISTRICT,Total
27,Maharashtra,27,497,Nandurbar,1648295,47985,1141933,2.9112,69.2796,DISTRICT,Total
27,Maharashtra,27,498,Dhule,2050862,127571,647315,6.2204,31.5631,DISTRICT,Total
27,Maharashtra,27,499,Jalgaon,4229917,389273,604367,9.2029,14.2879,DISTRICT,Total
27,Maharashtra,27,500,Buldana,2586258,470895,124837,18.2076,4.8269,DISTRICT,Total
27,Maharashtra,27,501,Akola,1813906,364059,100280,20.0704,5.5284,DISTRICT,Total
27,Maharashtra,27,502,Washim,1197160,229462,80471,19.1672,6.7218,DISTRICT,Total
27,Maharashtra,27,503,Amravati,2888445,506374,404128,17.531,13.9912,DISTRICT,Total
27,Maharashtra,27,504,Wardha,1300774,188830,149507,14.5167,11.4937,DISTRICT,Total
27,Maharashtra,27,505,Nagpur,4653570,867713,437571,18.6462,9.4029,DISTRICT,Total
27,Maharashtra,27,506,Bhandara,1200334,200372,88886,16.693,7.4051,DISTRICT,Total
27,Maharashtra,27,507,Gondiya,1322507,175961,214253,13.3051,16.2005,DISTRICT,Total
27,Maharashtra,27,508,Gadchiroli,1072942,120745,415306,11.2536,38.7072,DISTRICT,Total
27,Maharashtra,27,509,Chandrapur,2204307,348365,389441,15.8038,17.6673,DISTRICT,Total
27,Maharashtra,27,510,Yavatmal,2772348,328518,514057,11.8498,18.5423,DISTRICT,Total
27,Maharashtra,27,511,Nanded,3361292,640483,281695,19.0547,8.3806,DISTRICT,Total
27,Maharashtra,27,512,Hingoli,1177345,182565,111954,15.5065,9.509,DISTRICT,Total
27,Maharashtra,27,513,Parbhani,1836086,247308,40514,13.4693,2.2065,DISTRICT,Total
27,Maharashtra,27,514,Jalna,1959046,272266,42263,13.8979,2.1573,DISTRICT,Total
27,Maharashtra,27,515,Aurangabad,3701282,539368,143366,14.5725,3.8734,DISTRICT,Total
27,Maharashtra,27,516,Nashik,6107187,554687,1564369,9.0825,25.6152,DISTRICT,Total
27,Maharashtra,27,517,Thane,11060148,730089,1542451,6.6011,13.946,DISTRICT,Total
27,Maharashtra,27,518,Mumbai Suburban,9356962,583302,104560,6.2339,1.1175,DISTRICT,Total
27,Maharashtra,27,519,Mumbai,3085411,219934,25093,7.1282,0.8133,DISTRICT,Total
27,Maharashtra,27,520,Raigarh,2634200,134952,305125,5.1231,11.5832,DISTRICT,Total
27,Maharashtra,27,521,Pune,9429408,1180703,348876,12.5215,3.6999,DISTRICT,Total
27,Maharashtra,27,522,Ahmadnagar,4543159,573698,378230,12.6277,8.3253,DISTRICT,Total
27,Maharashtra,27,523,Bid,2585049,351254,32722,13.5879,1.2658,DISTRICT,Total
27,Maharashtra,27,524,Latur,2454196,480913,57488,19.5955,2.3424,DISTRICT,Total
27,Maharashtra,27,525,Osmanabad,1657576,265184,36039,15.9983,2.1742,DISTRICT,Total
27,Maharashtra,27,526,Solapur,4317756,649745,77592,15.0482,1.797,DISTRICT,Total
27,Maharashtra,27,527,Satara,3003741,323236,29635,10.7611,0.9866,DISTRICT,Total
27,Maharashtra,27,528,Ratnagiri,1615069,66948,20374,4.1452,1.2615,DISTRICT,Total
27,Maharashtra,27,529,Sindhudurg,849651,55586,6976,6.5422,0.821,DISTRICT,Total
27,Maharashtra,27,530,Kolhapur,3876001,504461,30206,13.015,0.7793,DISTRICT,Total
27,Maharashtra,27,531,Sangli,2822143,353093,18333,12.5115,0.6496,DISTRICT,Total
29,Karnataka,29,555,Belgaum,4779661,577418,297198,12.0807,6.218,DISTRICT,Total
29,Karnataka,29,556,Bagalkot ,1889752,319149,97203,16.8884,5.1437,DISTRICT,Total
29,Karnataka,29,557,Bijapur,2177331,442773,39314,20.3356,1.8056,DISTRICT,Total
29,Karnataka,29,558,Bidar,1703300,399785,235822,23.4712,13.845,DISTRICT,Total
29,Karnataka,29,559,Raichur,1928812,400933,367071,20.7865,19.0309,DISTRICT,Total
29,Karnataka,29,560,Koppal,1389920,258608,164271,18.606,11.8187,DISTRICT,Total
29,Karnataka,29,561,Gadag,1064570,174196,61654,16.363,5.7914,DISTRICT,Total
29,Karnataka,29,562,Dharwad,1847023,177855,87548,9.6293,4.74,DISTRICT,Total
29,Karnataka,29,563,Uttara Kannada,1437169,116431,34239,8.1014,2.3824,DISTRICT,Total
29,Karnataka,29,564,Haveri,1597668,219976,141380,13.7686,8.8491,DISTRICT,Total
29,Karnataka,29,565,Bellary,2452595,517409,451406,21.0964,18.4052,DISTRICT,Total
29,Karnataka,29,566,Chitradurga,1659456,389117,302554,23.4485,18.2321,DISTRICT,Total
29,Karnataka,29,567,Davanagere,1945497,392595,233112,20.1797,11.9821,DISTRICT,Total
29,Karnataka,29,568,Shimoga,1752753,308158,65412,17.5814,3.732,DISTRICT,Total
29,Karnataka,29,569,Udupi,1177361,75429,52897,6.4066,4.4928,DISTRICT,Total
29,Karnataka,29,570,Chikmagalur,1137961,253651,44970,22.29,3.9518,DISTRICT,Total
29,Karnataka,29,571,Tumkur,2678980,506901,209559,18.9214,7.8223,DISTRICT,Total
29,Karnataka,29,572,Bangalore,9621551,1198385,190239,12.4552,1.9772,DISTRICT,Total
29,Karnataka,29,573,Mandya,1805769,265294,22402,14.6915,1.2406,DISTRICT,Total
29,Karnataka,29,574,Hassan,1776421,345031,32329,19.4228,1.8199,DISTRICT,Total
29,Karnataka,29,575,Dakshina Kannada,2089649,148178,82268,7.091,3.9369,DISTRICT,Total
29,Karnataka,29,576,Kodagu,554519,73584,58054,13.2699,10.4693,DISTRICT,Total
29,Karnataka,29,577,Mysore,3001127,536643,334547,17.8814,11.1474,DISTRICT,Total
29,Karnataka,29,578,Chamarajanagar,1020791,259445,120219,25.4161,11.777,DISTRICT,Total
29,Karnataka,29,579,Gulbarga,2566326,648782,65259,25.2806,2.5429,DISTRICT,Total
29,Karnataka,29,580,Yadgir,1174271,273315,146849,23.2753,12.5055,DISTRICT,Total
29,Karnataka,29,581,Kolar,1536401,465867,78875,30.322,5.1338,DISTRICT,Total
29,Karnataka,29,582,Chikkaballapura,1255104,312565,156487,24.9035,12.4681,DISTRICT,Total
29,Karnataka,29,583,Bangalore Rural,990923,213700,52903,21.5658,5.3388,DISTRICT,Total
29,Karnataka,29,584,Ramanagara,1082636,203819,22946,18.8262,2.1195,DISTRICT,Total
30,Goa,30,585,North Goa,818008,17606,56606,2.1523,6.92,DISTRICT,Total
30,Goa,30,586,South Goa,640537,7843,92669,1.2244,14.4674,DISTRICT,Total
31,Lakshadweep,31,587,Lakshadweep,64473,0,61120,0,94.7994,DISTRICT,Total
32,Kerala,32,588,Kasaragod,1307375,53283,48857,4.0756,3.737,DISTRICT,Total
32,Kerala,32,589,Kannur,2523003,83350,41371,3.3036,1.6398,DISTRICT,Total
32,Kerala,32,590,Wayanad,817420,32578,151443,3.9855,18.527,DISTRICT,Total
32,Kerala,32,591,Kozhikode,3086293,199191,15228,6.4541,0.4934,DISTRICT,Total
32,Kerala,32,592,Malappuram,4112920,308266,22990,7.4951,0.559,DISTRICT,Total
32,Kerala,32,593,Palakkad,2809934,403833,48972,14.3716,1.7428,DISTRICT,Total
32,Kerala,32,594,Thrissur,3121200,324350,9430,10.3918,0.3021,DISTRICT,Total
32,Kerala,32,595,Ernakulam,3282388,268411,16559,8.1773,0.5045,DISTRICT,Total
32,Kerala,32,596,Idukki ,1108974,145486,55815,13.119,5.033,DISTRICT,Total
32,Kerala,32,597,Kottayam,1974551,153909,21972,7.7946,1.1128,DISTRICT,Total
32,Kerala,32,598,Alappuzha,2127789,201211,6574,9.4563,0.309,DISTRICT,Total
32,Kerala,32,599,Pathanamthitta,1197412,164465,8108,13.735,0.6771,DISTRICT,Total
32,Kerala,32,600,Kollam,2635375,328263,10761,12.456,0.4083,DISTRICT,Total
32,Kerala,32,601,Thiruvananthapuram,3301427,372977,26759,11.2974,0.8105,DISTRICT,Total
33,Tamil Nadu,33,602,Thiruvallur,3728104,821646,47243,22.0392,1.2672,DISTRICT,Total
33,Tamil Nadu,33,603,Chennai,4646732,779667,10061,16.7788,0.2165,DISTRICT,Total
33,Tamil Nadu,33,604,Kancheepuram,3998252,948081,41210,23.7124,1.0307,DISTRICT,Total
33,Tamil Nadu,33,605,Vellore,3936331,860212,72955,21.8531,1.8534,DISTRICT,Total
33,Tamil Nadu,33,606,Tiruvannamalai,2464875,565329,90954,22.9354,3.69,DISTRICT,Total
33,Tamil Nadu,33,607,Viluppuram,3458873,1015716,74859,29.3655,2.1643,DISTRICT,Total
33,Tamil Nadu,33,608,Salem,3482056,580512,119369,16.6715,3.4281,DISTRICT,Total
33,Tamil Nadu,33,609,Namakkal   ,1726601,345392,57059,20.0042,3.3047,DISTRICT,Total
33,Tamil Nadu,33,610,Erode,2251744,369483,21880,16.4087,0.9717,DISTRICT,Total
33,Tamil Nadu,33,611,The Nilgiris,735394,235878,32813,32.0751,4.462,DISTRICT,Total
33,Tamil Nadu,33,612,Dindigul,2159775,452376,8064,20.9455,0.3734,DISTRICT,Total
33,Tamil Nadu,33,613,Karur ,1064493,221385,575,20.7972,0.054,DISTRICT,Total
33,Tamil Nadu,33,614,Tiruchirappalli,2722290,466561,18198,17.1385,0.6685,DISTRICT,Total
33,Tamil Nadu,33,615,Perambalur  ,565223,175289,2584,31.0124,0.4572,DISTRICT,Total
33,Tamil Nadu,33,616,Ariyalur  ,754894,176230,10722,23.345,1.4203,DISTRICT,Total
33,Tamil Nadu,33,617,Cuddalore,2605914,763944,15702,29.3158,0.6026,DISTRICT,Total
33,Tamil Nadu,33,618,Nagapattinam  ,1616450,509767,3756,31.5362,0.2324,DISTRICT,Total
33,Tamil Nadu,33,619,Thiruvarur,1264277,430927,3034,34.0849,0.24,DISTRICT,Total
33,Tamil Nadu,33,620,Thanjavur,2405890,455062,3561,18.9145,0.148,DISTRICT,Total
33,Tamil Nadu,33,621,Pudukkottai,1618345,284804,1283,17.5985,0.0793,DISTRICT,Total
33,Tamil Nadu,33,622,Sivaganga,1339101,227746,790,17.0074,0.059,DISTRICT,Total
33,Tamil Nadu,33,623,Madurai,3038252,408976,11096,13.4609,0.3652,DISTRICT,Total
33,Tamil Nadu,33,624,Theni  ,1245899,258200,1835,20.724,0.1473,DISTRICT,Total
33,Tamil Nadu,33,625,Virudhunagar,1942288,399831,2294,20.5856,0.1181,DISTRICT,Total
33,Tamil Nadu,33,626,Ramanathapuram,1353445,249008,1105,18.3981,0.0816,DISTRICT,Total
33,Tamil Nadu,33,627,Thoothukkudi,1750176,347895,4911,19.8777,0.2806,DISTRICT,Total
33,Tamil Nadu,33,628,Tirunelveli ,3077233,569714,10270,18.5138,0.3337,DISTRICT,Total
33,Tamil Nadu,33,629,Kanniyakumari,1870374,74249,7282,3.9697,0.3893,DISTRICT,Total
33,Tamil Nadu,33,630,Dharmapuri,1506843,245392,63044,16.2852,4.1838,DISTRICT,Total
33,Tamil Nadu,33,631,Krishnagiri,1879809,267386,22388,14.2241,1.191,DISTRICT,Total
33,Tamil Nadu,33,632,Coimbatore,3458045,535911,28342,15.4975,0.8196,DISTRICT,Total
33,Tamil Nadu,33,633,Tiruppur,2479052,395876,5458,15.9688,0.2202,DISTRICT,Total
34,Puducherry,34,634,Yanam,55626,8427,0,15.1494,0,DISTRICT,Total
34,Puducherry,34,635,Puducherry,950289,152406,0,16.0379,0,DISTRICT,Total
34,Puducherry,34,636,Mahe,41816,144,0,0.3444,0,DISTRICT,Total
34,Puducherry,34,637,Karaikal,200222,35348,0,17.6544,0,DISTRICT,Total
35,Andaman and Nicobar Islands,35,638,Nicobars,36842,0,23681,0,64.2772,DISTRICT,Total
35,Andaman and Nicobar Islands,35,639,North  & Middle Andaman,105597,0,758,0,0.7178,DISTRICT,Total
35,Andaman and Nicobar Islands,35,640,South Andaman,238142,0,4091,0,1.7179,DISTRICT,Total
36,Telangana,28,532,Adilabad,2741239,488596,495794,17.8239,18.0865,DISTRICT,Total
36,Telangana,28,533,Nizamabad,2551335,371074,192941,14.5443,7.5624,DISTRICT,Total
36,Telangana,28,534,Karimnagar,3776269,709757,106745,18.7952,2.8267,DISTRICT,Total
36,Telangana,28,535,Medak,3033288,537947,168985,17.7348,5.571,DISTRICT,Total
36,Telangana,28,536,Hyderabad,3943323,247927,48937,6.2873,1.241,DISTRICT,Total
36,Telangana,28,537,Rangareddy,5296741,652042,218757,12.3102,4.13,DISTRICT,Total
36,Telangana,28,538,Mahbubnagar,4053028,708954,364269,17.492,8.9876,DISTRICT,Total
36,Telangana,28,539,Nalgonda,3488809,637385,394279,18.2694,11.3012,DISTRICT,Total
36,Telangana,28,540,Warangal,3512576,616102,530656,17.5399,15.1073,DISTRICT,Total
36,Telangana,28,541,Khammam,2797370,462896,765565,16.5475,27.3673,DISTRICT,Total
37,Andhra Pradesh,28,542,Srikakulam,2703114,255664,166118,9.4581,6.1454,DISTRICT,Total
37,Andhra Pradesh,28,543,Vizianagaram,2344474,247728,235556,10.5665,10.0473,DISTRICT,Total
37,Andhra Pradesh,28,544,Visakhapatnam,4290589,329486,618500,7.6793,14.4153,DISTRICT,Total
37,Andhra Pradesh,28,545,East Godavari,5154296,945269,213195,18.3394,4.1363,DISTRICT,Total
37,Andhra Pradesh,28,546,West Godavari,3936966,811698,109072,20.6173,2.7705,DISTRICT,Total
37,Andhra Pradesh,28,547,Krishna,4517398,871063,132464,19.2824,2.9323,DISTRICT,Total
37,Andhra Pradesh,28,548,Guntur,4887813,957407,247089,19.5876,5.0552,DISTRICT,Total
37,Andhra Pradesh,28,549,Prakasam,3397448,787861,151145,23.1898,4.4488,DISTRICT,Total
37,Andhra Pradesh,28,550,Sri Potti Sriramulu Nellore,2963557,666588,285997,22.4928,9.6505,DISTRICT,Total
37,Andhra Pradesh,28,551,Y.S.R.,2882469,465794,75886,16.1595,2.6327,DISTRICT,Total
37,Andhra Pradesh,28,552,Kurnool,4053463,737945,82831,18.2053,2.0435,DISTRICT,Total
37,Andhra Pradesh,28,553,Anantapur,4081148,583135,154127,14.2885,3.7766,DISTRICT,Total
37,Andhra Pradesh,28,554,Chittoor,4174064,785760,159165,18.8248,3.8132,DISTRICT,Total
